{"stats":{"minecraft:crafted":{"minecraft:oak_planks":120,"minecraft:stone_pickaxe":2,"minecraft:redstone_block":10,"minecraft:cooked_beef":1,"minecraft:diamond_sword":1,"minecraft:crafting_table":1,"minecraft:spruce_planks":24,"minecraft:wooden_pickaxe":1,"minecraft:nether_bricks":5,"minecraft:stick":12,"minecraft:iron_ingot":31,"minecraft:stone_sword":2,"minecraft:iron_block":3,"minecraft:gold_ingot":20,"minecraft:iron_leggings":1,"minecraft:anvil":1,"minecraft:lapis_block":5},"minecraft:used":{"minecraft:purpur_block":6,"minecraft:nether_brick_fence":1,"minecraft:stone_sword":265,"minecraft:shield":1,"minecraft:rotten_flesh":3,"minecraft:netherrack":33,"minecraft:torch":51,"minecraft:anvil":1,"minecraft:mutton":1,"minecraft:dirt":3,"minecraft:warped_wart_block":1,"minecraft:nether_bricks":3,"minecraft:snowball":15,"minecraft:shroomlight":1,"minecraft:spruce_boat":1,"minecraft:crimson_roots":2,"minecraft:golden_sword":33,"minecraft:bow":79,"minecraft:beef":1,"minecraft:warped_fungus":1,"minecraft:cobbled_deepslate":64,"minecraft:pointed_dripstone":6,"minecraft:end_stone_bricks":4,"minecraft:chorus_fruit":23,"minecraft:stone_pickaxe":262,"minecraft:oak_planks":30,"minecraft:ender_pearl":13,"minecraft:wooden_pickaxe":59,"minecraft:purpur_pillar":17,"minecraft:warped_roots":3,"minecraft:purpur_stairs":1,"minecraft:crafting_table":4,"minecraft:end_stone":20,"minecraft:oak_log":2,"minecraft:black_wool":1,"minecraft:iron_pickaxe":211,"minecraft:nether_wart_block":2,"minecraft:diamond_sword":401,"minecraft:fire_charge":1,"minecraft:cobblestone":19,"minecraft:cooked_porkchop":6,"minecraft:splash_potion":1},"minecraft:custom":{"minecraft:interact_with_anvil":1,"minecraft:mob_kills":52,"minecraft:interact_with_crafting_table":30,"minecraft:leave_game":6,"minecraft:time_since_death":13833,"minecraft:climb_one_cm":8605,"minecraft:sprint_one_cm":635593,"minecraft:walk_one_cm":746436,"minecraft:damage_blocked_by_shield":182,"minecraft:drop":49,"minecraft:play_time":247883,"minecraft:deaths":22,"minecraft:sneak_time":192,"minecraft:walk_under_water_one_cm":5865,"minecraft:boat_one_cm":45,"minecraft:jump":2893,"minecraft:walk_on_water_one_cm":16652,"minecraft:total_world_time":247883,"minecraft:interact_with_furnace":25,"minecraft:time_since_rest":13886,"minecraft:damage_taken":9483,"minecraft:damage_dealt":14567,"minecraft:fly_one_cm":479645,"minecraft:open_chest":28,"minecraft:crouch_one_cm":243,"minecraft:fall_one_cm":55256},"minecraft:broken":{"minecraft:stone_sword":2,"minecraft:wooden_pickaxe":1,"minecraft:stone_pickaxe":2,"minecraft:golden_sword":1},"minecraft:dropped":{"minecraft:golden_boots":1,"minecraft:wheat_seeds":1,"minecraft:golden_horse_armor":1,"minecraft:weeping_vines":1,"minecraft:leather":6,"minecraft:iron_horse_armor":1,"minecraft:flint":2,"minecraft:gold_nugget":9,"minecraft:bone":3,"minecraft:gold_ingot":15,"minecraft:warped_nylium":1,"minecraft:nether_wart":5,"minecraft:nether_brick":1,"minecraft:oak_planks":1,"minecraft:glowstone_dust":5,"minecraft:ender_eye":1,"minecraft:diamond_sword":1,"minecraft:poppy":1,"minecraft:gunpowder":2,"minecraft:beef":1},"minecraft:killed":{"minecraft:spider":1,"minecraft:shulker":2,"minecraft:hoglin":1,"minecraft:creeper":1,"minecraft:sheep":1,"minecraft:zombie":7,"minecraft:ghast":1,"minecraft:wither_skeleton":2,"minecraft:cow":2,"minecraft:blaze":10,"minecraft:enderman":23},"minecraft:killed_by":{"minecraft:player":5,"minecraft:creeper":1,"minecraft:enderman":3,"minecraft:ender_dragon":2,"minecraft:blaze":4,"minecraft:zombie":3},"minecraft:picked_up":{"minecraft:end_stone_bricks":4,"minecraft:crafting_table":4,"minecraft:iron_chestplate":1,"minecraft:splash_potion":1,"minecraft:nether_brick_fence":1,"minecraft:nether_wart":5,"minecraft:diamond_sword":1,"minecraft:potion":1,"minecraft:nether_brick":24,"minecraft:brewing_stand":1,"minecraft:purpur_block":11,"minecraft:shield":1,"minecraft:amethyst_block":11,"minecraft:iron_axe":1,"minecraft:shroomlight":1,"minecraft:cracked_stone_bricks":6,"minecraft:gold_nugget":108,"minecraft:cobbled_deepslate":268,"minecraft:beef":3,"minecraft:ender_eye":1,"minecraft:calcite":1,"minecraft:poppy":2,"minecraft:iron_pickaxe":1,"minecraft:furnace":3,"minecraft:raw_iron":20,"minecraft:end_stone":20,"minecraft:torch":4,"minecraft:purpur_pillar":17,"minecraft:fire_charge":1,"minecraft:stone_button":2,"minecraft:pointed_dripstone":6,"minecraft:redstone":92,"minecraft:golden_chestplate":1,"minecraft:weeping_vines":1,"minecraft:rotten_flesh":3,"minecraft:nether_bricks":3,"minecraft:carved_pumpkin":1,"minecraft:blaze_rod":15,"minecraft:mutton":1,"minecraft:iron_bars":2,"minecraft:snowball":15,"minecraft:cobblestone":27,"minecraft:leather":6,"minecraft:flint":4,"minecraft:purpur_stairs":1,"minecraft:tuff":16,"minecraft:golden_boots":1,"minecraft:nether_wart_block":3,"minecraft:gunpowder":2,"minecraft:lapis_lazuli":76,"minecraft:dirt":3,"minecraft:bone":5,"minecraft:stone_bricks":12,"minecraft:wheat_seeds":3,"minecraft:raw_gold":9,"minecraft:grindstone":1,"minecraft:glowstone_dust":5,"minecraft:oak_planks":3,"minecraft:warped_fungus":1,"minecraft:cooked_porkchop":2,"minecraft:warped_wart_block":1,"minecraft:dripstone_block":1,"minecraft:gravel":9,"minecraft:spruce_sapling":2,"minecraft:spruce_log":6,"minecraft:spectral_arrow":18,"minecraft:diamond":19,"minecraft:spruce_boat":1,"minecraft:iron_helmet":1,"minecraft:warped_roots":3,"minecraft:netherrack":33,"minecraft:black_wool":1,"minecraft:chorus_fruit":63,"minecraft:warped_nylium":1,"minecraft:coal":5,"minecraft:crimson_roots":2,"minecraft:ender_pearl":17},"minecraft:mined":{"minecraft:nether_gold_ore":25,"minecraft:diamond_ore":1,"minecraft:tuff":16,"minecraft:deepslate_diamond_ore":18,"minecraft:brewing_stand":1,"minecraft:end_stone":18,"minecraft:budding_amethyst":1,"minecraft:stone_button":1,"minecraft:grass_block":1,"minecraft:crimson_roots":2,"minecraft:spruce_leaves":24,"minecraft:weeping_vines_plant":1,"minecraft:glowstone":2,"minecraft:furnace":3,"minecraft:iron_ore":6,"minecraft:cobbled_deepslate":4,"minecraft:deepslate_lapis_ore":11,"minecraft:pointed_dripstone":3,"minecraft:deepslate_iron_ore":14,"minecraft:shroomlight":1,"minecraft:iron_bars":2,"minecraft:packed_ice":2,"minecraft:chorus_plant":1,"minecraft:end_stone_bricks":4,"minecraft:stone":21,"minecraft:deepslate_redstone_ore":20,"minecraft:infested_stone_bricks":1,"minecraft:purpur_stairs":1,"minecraft:crafting_table":3,"minecraft:torch":1,"minecraft:short_grass":13,"minecraft:calcite":1,"minecraft:poppy":1,"minecraft:warped_roots":1,"minecraft:purpur_pillar":16,"minecraft:deepslate_gold_ore":9,"minecraft:oak_planks":2,"minecraft:wall_torch":2,"minecraft:amethyst_block":11,"minecraft:warped_wart_block":1,"minecraft:nether_wart_block":1,"minecraft:spruce_log":6,"minecraft:purpur_block":10,"minecraft:coal_ore":5,"minecraft:end_rod":1,"minecraft:gravel":12,"minecraft:dirt":6,"minecraft:cracked_stone_bricks":6,"minecraft:stone_bricks":12,"minecraft:netherrack":20,"minecraft:deepslate":258}},"DataVersion":3955}