{"stats":{"minecraft:picked_up":{"minecraft:crafting_table":1,"minecraft:leather":2,"minecraft:dripstone_block":1,"minecraft:gravel":2,"minecraft:spruce_sapling":2,"minecraft:pointed_dripstone":6,"minecraft:shield":1,"minecraft:spruce_log":6,"minecraft:lapis_lazuli":46,"minecraft:dirt":3,"minecraft:rotten_flesh":3,"minecraft:wheat_seeds":3,"minecraft:cobbled_deepslate":48,"minecraft:raw_gold":4,"minecraft:beef":1,"minecraft:poppy":1,"minecraft:iron_pickaxe":1,"minecraft:cobblestone":26},"minecraft:used":{"minecraft:stone_pickaxe":49,"minecraft:iron_pickaxe":15,"minecraft:wooden_pickaxe":20,"minecraft:rotten_flesh":3,"minecraft:dirt":3,"minecraft:beef":1,"minecraft:crafting_table":1,"minecraft:cobbled_deepslate":25,"minecraft:pointed_dripstone":6},"minecraft:dropped":{"minecraft:wheat_seeds":1},"minecraft:custom":{"minecraft:time_since_rest":15280,"minecraft:sprint_one_cm":48628,"minecraft:damage_taken":1228,"minecraft:walk_one_cm":128146,"minecraft:mob_kills":2,"minecraft:drop":1,"minecraft:damage_dealt":396,"minecraft:interact_with_crafting_table":2,"minecraft:fly_one_cm":27748,"minecraft:play_time":31076,"minecraft:deaths":2,"minecraft:walk_under_water_one_cm":817,"minecraft:jump":459,"minecraft:walk_on_water_one_cm":1711,"minecraft:time_since_death":15216,"minecraft:total_world_time":31076,"minecraft:fall_one_cm":16244},"minecraft:mined":{"minecraft:cobbled_deepslate":4,"minecraft:spruce_log":6,"minecraft:deepslate_lapis_ore":7,"minecraft:crafting_table":1,"minecraft:short_grass":12,"minecraft:pointed_dripstone":3,"minecraft:grass_block":1,"minecraft:poppy":1,"minecraft:gravel":1,"minecraft:dirt":6,"minecraft:packed_ice":2,"minecraft:spruce_leaves":24,"minecraft:deepslate_gold_ore":4,"minecraft:stone":20,"minecraft:deepslate":45},"minecraft:crafted":{"minecraft:crafting_table":1,"minecraft:spruce_planks":24,"minecraft:stick":4,"minecraft:wooden_pickaxe":1,"minecraft:stone_pickaxe":1},"minecraft:killed_by":{"minecraft:player":1,"minecraft:zombie":1},"minecraft:killed":{"minecraft:zombie":1,"minecraft:cow":1}},"DataVersion":3955}