{"stats":{"minecraft:killed":{"minecraft:spider":3,"minecraft:shulker":2,"minecraft:skeleton":13,"minecraft:chicken":1,"minecraft:piglin_brute":1,"minecraft:magma_cube":26,"minecraft:piglin":7,"minecraft:creeper":3,"minecraft:sheep":1,"minecraft:pillager":1,"minecraft:zombie":123,"minecraft:ghast":3,"minecraft:cow":3,"minecraft:blaze":10,"minecraft:drowned":1,"minecraft:bat":1,"minecraft:hoglin":1,"minecraft:wither_skeleton":2,"minecraft:enderman":23},"minecraft:picked_up":{"minecraft:iron_chestplate":1,"minecraft:wheat":1,"minecraft:nether_brick_fence":1,"minecraft:diamond_sword":3,"minecraft:potion":1,"minecraft:gilded_blackstone":1,"minecraft:nether_brick":24,"minecraft:brewing_stand":1,"minecraft:amethyst_block":16,"minecraft:polished_deepslate":2,"minecraft:soul_soil":5,"minecraft:raw_copper":83,"minecraft:shroomlight":3,"minecraft:gold_nugget":108,"minecraft:cobbled_deepslate":729,"minecraft:bucket":1,"minecraft:spruce_planks":31,"minecraft:ender_eye":1,"minecraft:calcite":1,"minecraft:iron_pickaxe":1,"minecraft:furnace":3,"minecraft:golden_helmet":1,"minecraft:stick":8,"minecraft:torch":21,"minecraft:purpur_pillar":17,"minecraft:spruce_stairs":2,"minecraft:pointed_dripstone":6,"minecraft:golden_chestplate":1,"minecraft:rotten_flesh":131,"minecraft:carved_pumpkin":1,"minecraft:blaze_rod":15,"minecraft:obsidian":35,"minecraft:snowball":15,"minecraft:iron_bars":2,"minecraft:cobblestone":1206,"minecraft:magma_block":1,"minecraft:feather":1,"minecraft:magma_cream":1,"minecraft:water_bucket":3,"minecraft:andesite":5,"minecraft:golden_leggings":3,"minecraft:potato":15,"minecraft:flint":6,"minecraft:tuff":17,"minecraft:lapis_lazuli":112,"minecraft:dirt":222,"minecraft:bone":39,"minecraft:wheat_seeds":9,"minecraft:raw_gold":19,"minecraft:grindstone":1,"minecraft:glowstone_dust":49,"minecraft:oak_planks":214,"minecraft:ghast_tear":1,"minecraft:cooked_porkchop":2,"minecraft:warped_wart_block":1,"minecraft:jungle_planks":2,"minecraft:sand":5,"minecraft:spectral_arrow":18,"minecraft:mossy_cobblestone":12,"minecraft:diamond":24,"minecraft:spruce_boat":1,"minecraft:crossbow":3,"minecraft:bread":48,"minecraft:chorus_fruit":63,"minecraft:netherrack":33,"minecraft:crimson_roots":2,"minecraft:end_stone_bricks":4,"minecraft:crafting_table":12,"minecraft:splash_potion":1,"minecraft:nether_wart":5,"minecraft:purpur_block":11,"minecraft:shield":1,"minecraft:iron_axe":1,"minecraft:cracked_stone_bricks":6,"minecraft:beef":4,"minecraft:iron_nugget":5,"minecraft:poppy":5,"minecraft:chest":2,"minecraft:spruce_trapdoor":7,"minecraft:egg":1,"minecraft:raw_iron":81,"minecraft:end_stone":20,"minecraft:polished_deepslate_slab":23,"minecraft:fire_charge":1,"minecraft:stone_button":2,"minecraft:redstone":106,"minecraft:tnt":15,"minecraft:weeping_vines":1,"minecraft:arrow":13,"minecraft:nether_bricks":3,"minecraft:deepslate_bricks":1,"minecraft:mutton":1,"minecraft:leather":8,"minecraft:fern":1,"minecraft:purpur_stairs":1,"minecraft:chainmail_chestplate":1,"minecraft:golden_boots":1,"minecraft:gunpowder":4,"minecraft:nether_wart_block":11,"minecraft:cobblestone_wall":4,"minecraft:cobblestone_stairs":1,"minecraft:blue_bed":1,"minecraft:stone_bricks":12,"minecraft:kelp":1,"minecraft:iron_ingot":4,"minecraft:soul_sand":64,"minecraft:warped_fungus":1,"minecraft:sweet_berries":11,"minecraft:dandelion":2,"minecraft:dripstone_block":1,"minecraft:gravel":25,"minecraft:spruce_sapling":61,"minecraft:spruce_log":14,"minecraft:spruce_door":2,"minecraft:purple_bed":1,"minecraft:chainmail_leggings":3,"minecraft:iron_helmet":1,"minecraft:diamond_axe":1,"minecraft:warped_roots":3,"minecraft:black_wool":1,"minecraft:warped_nylium":1,"minecraft:coal":5,"minecraft:ender_pearl":17},"minecraft:used":{"minecraft:nether_brick_fence":1,"minecraft:polished_deepslate":57,"minecraft:chest":3,"minecraft:shield":13,"minecraft:rotten_flesh":3,"minecraft:iron_chestplate":1,"minecraft:soul_sand":30,"minecraft:mutton":1,"minecraft:nether_bricks":3,"minecraft:snowball":15,"minecraft:spruce_boat":1,"minecraft:lava_bucket":3,"minecraft:crimson_roots":2,"minecraft:golden_sword":33,"minecraft:bow":160,"minecraft:warped_fungus":1,"minecraft:sweet_berries":9,"minecraft:furnace":3,"minecraft:egg":1,"minecraft:end_stone_bricks":4,"minecraft:diamond_boots":1,"minecraft:spruce_door":1,"minecraft:chorus_fruit":23,"minecraft:stone_pickaxe":1244,"minecraft:oak_planks":33,"minecraft:ender_pearl":15,"minecraft:wooden_pickaxe":59,"minecraft:blue_bed":1,"minecraft:purpur_pillar":17,"minecraft:purpur_stairs":1,"minecraft:sand":5,"minecraft:crossbow":2,"minecraft:black_bed":1,"minecraft:end_stone":20,"minecraft:bread":48,"minecraft:gravel":10,"minecraft:golden_helmet":1,"minecraft:nether_wart_block":10,"minecraft:diamond_sword":814,"minecraft:fire_charge":1,"minecraft:grindstone":2,"minecraft:purpur_block":6,"minecraft:stone_sword":265,"minecraft:flint_and_steel":11,"minecraft:netherrack":33,"minecraft:torch":114,"minecraft:brewing_stand":1,"minecraft:dirt":201,"minecraft:warped_wart_block":1,"minecraft:anvil":1,"minecraft:shroomlight":3,"minecraft:iron_axe":100,"minecraft:glowstone":11,"minecraft:beef":1,"minecraft:soul_soil":5,"minecraft:goat_horn":2,"minecraft:cooked_beef":1,"minecraft:cobbled_deepslate":197,"minecraft:pointed_dripstone":6,"minecraft:water_bucket":17,"minecraft:amethyst_block":5,"minecraft:deepslate_bricks":39,"minecraft:warped_roots":3,"minecraft:polished_deepslate_slab":49,"minecraft:tnt":47,"minecraft:crafting_table":15,"minecraft:spruce_log":1,"minecraft:oak_log":2,"minecraft:diamond_pickaxe":347,"minecraft:black_wool":1,"minecraft:iron_pickaxe":213,"minecraft:spruce_sapling":51,"minecraft:stone_axe":12,"minecraft:cobblestone":1052,"minecraft:purple_bed":1,"minecraft:cooked_porkchop":47,"minecraft:bucket":18,"minecraft:splash_potion":1},"minecraft:crafted":{"minecraft:oak_planks":120,"minecraft:chest":1,"minecraft:crafting_table":3,"minecraft:spruce_planks":48,"minecraft:wooden_pickaxe":1,"minecraft:iron_helmet":1,"minecraft:polished_deepslate_slab":42,"minecraft:iron_chestplate":1,"minecraft:diamond_pickaxe":1,"minecraft:stick":28,"minecraft:iron_ingot":50,"minecraft:iron_block":3,"minecraft:stone_sword":2,"minecraft:gold_ingot":20,"minecraft:deepslate_bricks":40,"minecraft:polished_deepslate":116,"minecraft:stone_pickaxe":10,"minecraft:diamond_boots":1,"minecraft:redstone_block":10,"minecraft:cooked_beef":1,"minecraft:red_dye":1,"minecraft:diamond_sword":1,"minecraft:nether_bricks":5,"minecraft:stone_axe":1,"minecraft:glowstone":11,"minecraft:iron_leggings":1,"minecraft:anvil":1,"minecraft:lapis_block":5},"minecraft:mined":{"minecraft:spruce_planks":30,"minecraft:cobblestone_stairs":1,"minecraft:brewing_stand":1,"minecraft:obsidian":37,"minecraft:spruce_trapdoor":5,"minecraft:budding_amethyst":1,"minecraft:grass_block":104,"minecraft:soul_soil":7,"minecraft:deepslate_bricks":1,"minecraft:gilded_blackstone":1,"minecraft:spawner":1,"minecraft:weeping_vines_plant":1,"minecraft:magma_block":1,"minecraft:glowstone":18,"minecraft:iron_ore":43,"minecraft:cobbled_deepslate":17,"minecraft:fire":2,"minecraft:deepslate_lapis_ore":13,"minecraft:pointed_dripstone":3,"minecraft:polished_deepslate_slab":22,"minecraft:dirt_path":27,"minecraft:iron_bars":2,"minecraft:end_stone_bricks":4,"minecraft:deepslate_redstone_ore":23,"minecraft:kelp_plant":1,"minecraft:purpur_stairs":1,"minecraft:torch":7,"minecraft:calcite":1,"minecraft:poppy":2,"minecraft:chest":2,"minecraft:cobblestone":100,"minecraft:oak_planks":21,"minecraft:wall_torch":9,"minecraft:amethyst_block":16,"minecraft:nether_wart_block":9,"minecraft:tnt":15,"minecraft:purpur_block":10,"minecraft:sand":5,"minecraft:dirt":35,"minecraft:netherrack":20,"minecraft:deepslate":348,"minecraft:nether_gold_ore":25,"minecraft:diamond_ore":1,"minecraft:tuff":28,"minecraft:mossy_cobblestone":6,"minecraft:deepslate_diamond_ore":20,"minecraft:end_stone":18,"minecraft:stone_button":1,"minecraft:jungle_planks":3,"minecraft:crimson_roots":2,"minecraft:spruce_leaves":30,"minecraft:large_fern":2,"minecraft:spruce_sapling":1,"minecraft:furnace":3,"minecraft:andesite":5,"minecraft:polished_deepslate":2,"minecraft:deepslate_iron_ore":37,"minecraft:shroomlight":3,"minecraft:packed_ice":2,"minecraft:chorus_plant":1,"minecraft:stone":923,"minecraft:podzol":6,"minecraft:glass_pane":3,"minecraft:soul_sand":47,"minecraft:infested_stone_bricks":1,"minecraft:crafting_table":11,"minecraft:short_grass":16,"minecraft:warped_roots":1,"minecraft:purpur_pillar":16,"minecraft:copper_ore":21,"minecraft:lapis_ore":4,"minecraft:deepslate_gold_ore":17,"minecraft:blue_bed":1,"minecraft:warped_wart_block":1,"minecraft:spruce_stairs":2,"minecraft:purple_bed":1,"minecraft:cobblestone_wall":4,"minecraft:sweet_berry_bush":5,"minecraft:spruce_log":13,"minecraft:coal_ore":5,"minecraft:end_rod":1,"minecraft:gravel":31,"minecraft:cracked_stone_bricks":6,"minecraft:stone_bricks":12,"minecraft:fern":10},"minecraft:broken":{"minecraft:golden_helmet":1,"minecraft:iron_boots":1,"minecraft:iron_leggings":1,"minecraft:stone_pickaxe":9,"minecraft:golden_sword":1,"minecraft:chainmail_leggings":1,"minecraft:stone_sword":2,"minecraft:wooden_pickaxe":1,"minecraft:iron_helmet":1},"minecraft:killed_by":{"minecraft:creeper":1,"minecraft:blaze":4,"minecraft:zombie":4,"minecraft:player":25,"minecraft:enderman":3,"minecraft:ender_dragon":2},"minecraft:dropped":{"minecraft:soul_sand":34,"minecraft:diamond_axe":1,"minecraft:crossbow":2,"minecraft:weeping_vines":1,"minecraft:leather":6,"minecraft:iron_horse_armor":1,"minecraft:flint":2,"minecraft:gold_nugget":9,"minecraft:gold_ingot":15,"minecraft:bone":26,"minecraft:gravel":2,"minecraft:cobbled_deepslate":394,"minecraft:nether_brick":1,"minecraft:obsidian":35,"minecraft:rotten_flesh":128,"minecraft:oak_planks":193,"minecraft:glowstone_dust":5,"minecraft:poppy":3,"minecraft:gunpowder":2,"minecraft:beef":1,"minecraft:golden_boots":1,"minecraft:water_bucket":2,"minecraft:wheat_seeds":1,"minecraft:golden_horse_armor":1,"minecraft:feather":1,"minecraft:red_dye":1,"minecraft:chainmail_leggings":2,"minecraft:bucket":1,"minecraft:kelp":1,"minecraft:warped_nylium":1,"minecraft:nether_wart":5,"minecraft:ender_eye":1,"minecraft:diamond_sword":3,"minecraft:potato":7,"minecraft:andesite":4,"minecraft:golden_leggings":3},"minecraft:custom":{"minecraft:interact_with_crafting_table":71,"minecraft:open_shulker_box":1,"minecraft:bell_ring":10,"minecraft:leave_game":11,"minecraft:time_since_death":709,"minecraft:sprint_one_cm":1407835,"minecraft:damage_blocked_by_shield":816,"minecraft:drop":190,"minecraft:talked_to_villager":1,"minecraft:play_time":610505,"minecraft:deaths":46,"minecraft:jump":7259,"minecraft:walk_on_water_one_cm":71435,"minecraft:interact_with_furnace":35,"minecraft:sleep_in_bed":1,"minecraft:damage_dealt":27245,"minecraft:player_kills":11,"minecraft:crouch_one_cm":3461,"minecraft:interact_with_smithing_table":6,"minecraft:mob_kills":228,"minecraft:interact_with_anvil":18,"minecraft:climb_one_cm":8605,"minecraft:walk_one_cm":1775359,"minecraft:sneak_time":1508,"minecraft:walk_under_water_one_cm":174803,"minecraft:boat_one_cm":45,"minecraft:interact_with_blast_furnace":4,"minecraft:total_world_time":610505,"minecraft:interact_with_grindstone":4,"minecraft:time_since_rest":740,"minecraft:damage_taken":21003,"minecraft:swim_one_cm":22427,"minecraft:fly_one_cm":836028,"minecraft:open_chest":91,"minecraft:fall_one_cm":137702}},"DataVersion":3955}