{"stats":{"minecraft:crafted":{"minecraft:oak_planks":120,"minecraft:stone_pickaxe":4,"minecraft:diamond_boots":1,"minecraft:redstone_block":10,"minecraft:cooked_beef":1,"minecraft:red_dye":1,"minecraft:diamond_sword":1,"minecraft:crafting_table":2,"minecraft:spruce_planks":24,"minecraft:wooden_pickaxe":1,"minecraft:iron_helmet":1,"minecraft:nether_bricks":5,"minecraft:iron_chestplate":1,"minecraft:stick":16,"minecraft:iron_ingot":47,"minecraft:iron_block":3,"minecraft:stone_sword":2,"minecraft:gold_ingot":20,"minecraft:iron_leggings":1,"minecraft:anvil":1,"minecraft:lapis_block":5},"minecraft:used":{"minecraft:purpur_block":6,"minecraft:nether_brick_fence":1,"minecraft:stone_sword":265,"minecraft:shield":4,"minecraft:rotten_flesh":3,"minecraft:netherrack":33,"minecraft:iron_chestplate":1,"minecraft:torch":100,"minecraft:mutton":1,"minecraft:anvil":1,"minecraft:brewing_stand":1,"minecraft:dirt":90,"minecraft:warped_wart_block":1,"minecraft:nether_bricks":3,"minecraft:snowball":15,"minecraft:shroomlight":1,"minecraft:spruce_boat":1,"minecraft:iron_axe":57,"minecraft:crimson_roots":2,"minecraft:golden_sword":33,"minecraft:bow":84,"minecraft:beef":1,"minecraft:warped_fungus":1,"minecraft:furnace":3,"minecraft:egg":1,"minecraft:cooked_beef":1,"minecraft:cobbled_deepslate":64,"minecraft:pointed_dripstone":6,"minecraft:amethyst_block":5,"minecraft:end_stone_bricks":4,"minecraft:diamond_boots":1,"minecraft:chorus_fruit":23,"minecraft:stone_pickaxe":393,"minecraft:oak_planks":30,"minecraft:ender_pearl":15,"minecraft:wooden_pickaxe":59,"minecraft:purpur_pillar":17,"minecraft:warped_roots":3,"minecraft:sand":5,"minecraft:purpur_stairs":1,"minecraft:crafting_table":6,"minecraft:crossbow":2,"minecraft:black_bed":1,"minecraft:end_stone":20,"minecraft:spruce_log":1,"minecraft:oak_log":2,"minecraft:black_wool":1,"minecraft:iron_pickaxe":213,"minecraft:gravel":1,"minecraft:spruce_sapling":43,"minecraft:fire_charge":1,"minecraft:nether_wart_block":2,"minecraft:diamond_sword":610,"minecraft:purple_bed":1,"minecraft:cobblestone":55,"minecraft:grindstone":1,"minecraft:cooked_porkchop":26,"minecraft:splash_potion":1},"minecraft:custom":{"minecraft:interact_with_smithing_table":6,"minecraft:interact_with_anvil":17,"minecraft:mob_kills":70,"minecraft:interact_with_crafting_table":42,"minecraft:bell_ring":10,"minecraft:leave_game":10,"minecraft:time_since_death":19438,"minecraft:climb_one_cm":8605,"minecraft:sprint_one_cm":931791,"minecraft:walk_one_cm":1057871,"minecraft:damage_blocked_by_shield":251,"minecraft:drop":81,"minecraft:play_time":347105,"minecraft:sneak_time":1015,"minecraft:deaths":41,"minecraft:walk_under_water_one_cm":18100,"minecraft:boat_one_cm":45,"minecraft:jump":4362,"minecraft:interact_with_blast_furnace":4,"minecraft:walk_on_water_one_cm":36442,"minecraft:total_world_time":347105,"minecraft:interact_with_furnace":34,"minecraft:interact_with_grindstone":1,"minecraft:time_since_rest":19471,"minecraft:damage_taken":15645,"minecraft:damage_dealt":20999,"minecraft:swim_one_cm":20482,"minecraft:fly_one_cm":603410,"minecraft:player_kills":11,"minecraft:open_chest":38,"minecraft:crouch_one_cm":421,"minecraft:fall_one_cm":85020},"minecraft:broken":{"minecraft:stone_sword":2,"minecraft:iron_boots":1,"minecraft:iron_leggings":1,"minecraft:wooden_pickaxe":1,"minecraft:stone_pickaxe":3,"minecraft:golden_sword":1,"minecraft:iron_helmet":1},"minecraft:dropped":{"minecraft:golden_boots":1,"minecraft:wheat_seeds":1,"minecraft:golden_horse_armor":1,"minecraft:crossbow":1,"minecraft:weeping_vines":1,"minecraft:leather":6,"minecraft:iron_horse_armor":1,"minecraft:flint":2,"minecraft:gold_nugget":9,"minecraft:red_dye":1,"minecraft:chainmail_leggings":2,"minecraft:bone":3,"minecraft:gold_ingot":15,"minecraft:warped_nylium":1,"minecraft:nether_wart":5,"minecraft:cobbled_deepslate":394,"minecraft:nether_brick":1,"minecraft:rotten_flesh":32,"minecraft:oak_planks":1,"minecraft:glowstone_dust":5,"minecraft:ender_eye":1,"minecraft:diamond_sword":1,"minecraft:poppy":1,"minecraft:gunpowder":2,"minecraft:andesite":4,"minecraft:beef":1},"minecraft:killed":{"minecraft:spider":1,"minecraft:shulker":2,"minecraft:skeleton":3,"minecraft:drowned":1,"minecraft:hoglin":1,"minecraft:creeper":2,"minecraft:sheep":1,"minecraft:zombie":19,"minecraft:ghast":1,"minecraft:wither_skeleton":2,"minecraft:enderman":23,"minecraft:blaze":10,"minecraft:cow":3},"minecraft:killed_by":{"minecraft:player":22,"minecraft:creeper":1,"minecraft:enderman":3,"minecraft:ender_dragon":2,"minecraft:blaze":4,"minecraft:zombie":3},"minecraft:picked_up":{"minecraft:end_stone_bricks":4,"minecraft:crafting_table":5,"minecraft:iron_chestplate":1,"minecraft:splash_potion":1,"minecraft:nether_brick_fence":1,"minecraft:nether_wart":5,"minecraft:diamond_sword":1,"minecraft:potion":1,"minecraft:nether_brick":24,"minecraft:brewing_stand":1,"minecraft:purpur_block":11,"minecraft:shield":1,"minecraft:amethyst_block":13,"minecraft:iron_axe":1,"minecraft:shroomlight":1,"minecraft:cracked_stone_bricks":6,"minecraft:gold_nugget":108,"minecraft:cobbled_deepslate":527,"minecraft:spruce_planks":30,"minecraft:beef":4,"minecraft:ender_eye":1,"minecraft:calcite":1,"minecraft:poppy":3,"minecraft:iron_pickaxe":1,"minecraft:furnace":3,"minecraft:egg":1,"minecraft:stick":8,"minecraft:raw_iron":76,"minecraft:end_stone":20,"minecraft:torch":4,"minecraft:purpur_pillar":17,"minecraft:fire_charge":1,"minecraft:stone_button":2,"minecraft:pointed_dripstone":6,"minecraft:redstone":92,"minecraft:golden_chestplate":1,"minecraft:arrow":2,"minecraft:weeping_vines":1,"minecraft:rotten_flesh":35,"minecraft:nether_bricks":3,"minecraft:carved_pumpkin":1,"minecraft:blaze_rod":15,"minecraft:mutton":1,"minecraft:iron_bars":2,"minecraft:snowball":15,"minecraft:cobblestone":79,"minecraft:andesite":5,"minecraft:leather":8,"minecraft:flint":4,"minecraft:tuff":16,"minecraft:purpur_stairs":1,"minecraft:golden_boots":1,"minecraft:nether_wart_block":3,"minecraft:gunpowder":2,"minecraft:lapis_lazuli":112,"minecraft:dirt":90,"minecraft:bone":8,"minecraft:stone_bricks":12,"minecraft:wheat_seeds":8,"minecraft:raw_gold":9,"minecraft:grindstone":1,"minecraft:glowstone_dust":5,"minecraft:oak_planks":4,"minecraft:warped_fungus":1,"minecraft:cooked_porkchop":2,"minecraft:warped_wart_block":1,"minecraft:dripstone_block":1,"minecraft:gravel":14,"minecraft:sand":5,"minecraft:spruce_sapling":53,"minecraft:spruce_log":13,"minecraft:spectral_arrow":18,"minecraft:purple_bed":1,"minecraft:diamond":21,"minecraft:spruce_boat":1,"minecraft:chainmail_leggings":3,"minecraft:iron_helmet":1,"minecraft:crossbow":1,"minecraft:bread":48,"minecraft:warped_roots":3,"minecraft:netherrack":33,"minecraft:black_wool":1,"minecraft:chorus_fruit":63,"minecraft:warped_nylium":1,"minecraft:coal":5,"minecraft:crimson_roots":2,"minecraft:ender_pearl":17},"minecraft:mined":{"minecraft:nether_gold_ore":25,"minecraft:diamond_ore":1,"minecraft:spruce_planks":29,"minecraft:tuff":16,"minecraft:deepslate_diamond_ore":20,"minecraft:end_stone":18,"minecraft:brewing_stand":1,"minecraft:budding_amethyst":1,"minecraft:stone_button":1,"minecraft:grass_block":43,"minecraft:crimson_roots":2,"minecraft:spruce_leaves":30,"minecraft:spawner":1,"minecraft:large_fern":2,"minecraft:weeping_vines_plant":1,"minecraft:spruce_sapling":1,"minecraft:glowstone":2,"minecraft:furnace":3,"minecraft:iron_ore":43,"minecraft:cobbled_deepslate":4,"minecraft:andesite":5,"minecraft:deepslate_lapis_ore":13,"minecraft:pointed_dripstone":3,"minecraft:dirt_path":11,"minecraft:deepslate_iron_ore":33,"minecraft:shroomlight":1,"minecraft:iron_bars":2,"minecraft:packed_ice":2,"minecraft:chorus_plant":1,"minecraft:end_stone_bricks":4,"minecraft:stone":72,"minecraft:podzol":6,"minecraft:deepslate_redstone_ore":20,"minecraft:infested_stone_bricks":1,"minecraft:purpur_stairs":1,"minecraft:crafting_table":4,"minecraft:torch":2,"minecraft:short_grass":14,"minecraft:calcite":1,"minecraft:poppy":2,"minecraft:warped_roots":1,"minecraft:purpur_pillar":16,"minecraft:deepslate_gold_ore":9,"minecraft:lapis_ore":4,"minecraft:oak_planks":3,"minecraft:wall_torch":2,"minecraft:amethyst_block":13,"minecraft:warped_wart_block":1,"minecraft:purple_bed":1,"minecraft:nether_wart_block":1,"minecraft:spruce_log":13,"minecraft:purpur_block":10,"minecraft:coal_ore":5,"minecraft:end_rod":1,"minecraft:gravel":17,"minecraft:sand":5,"minecraft:dirt":32,"minecraft:cracked_stone_bricks":6,"minecraft:stone_bricks":12,"minecraft:netherrack":20,"minecraft:deepslate":260,"minecraft:fern":9}},"DataVersion":3955}