{"stats":{"minecraft:picked_up":{"minecraft:leather":2,"minecraft:wheat_seeds":3,"minecraft:beef":1,"minecraft:spruce_sapling":2,"minecraft:poppy":1,"minecraft:spruce_log":6},"minecraft:used":{"minecraft:beef":1},"minecraft:dropped":{"minecraft:wheat_seeds":1},"minecraft:custom":{"minecraft:time_since_rest":5307,"minecraft:walk_one_cm":29187,"minecraft:play_time":7076,"minecraft:sprint_one_cm":34838,"minecraft:damage_taken":308,"minecraft:deaths":1,"minecraft:walk_under_water_one_cm":10,"minecraft:mob_kills":1,"minecraft:drop":1,"minecraft:jump":113,"minecraft:damage_dealt":154,"minecraft:time_since_death":5255,"minecraft:walk_on_water_one_cm":113,"minecraft:total_world_time":7076,"minecraft:fall_one_cm":3258,"minecraft:fly_one_cm":23579},"minecraft:mined":{"minecraft:short_grass":12,"minecraft:poppy":1,"minecraft:spruce_log":6,"minecraft:spruce_leaves":24},"minecraft:killed":{"minecraft:cow":1},"minecraft:killed_by":{"minecraft:player":1}},"DataVersion":3955}