{"stats":{"minecraft:picked_up":{"minecraft:crafting_table":4,"minecraft:nether_brick_fence":1,"minecraft:nether_wart":4,"minecraft:leather":3,"minecraft:flint":4,"minecraft:tuff":16,"minecraft:golden_boots":1,"minecraft:shield":1,"minecraft:lapis_lazuli":46,"minecraft:dirt":3,"minecraft:bone":5,"minecraft:shroomlight":1,"minecraft:wheat_seeds":3,"minecraft:gold_nugget":99,"minecraft:cobbled_deepslate":257,"minecraft:raw_gold":4,"minecraft:beef":2,"minecraft:poppy":2,"minecraft:iron_pickaxe":1,"minecraft:glowstone_dust":5,"minecraft:oak_planks":1,"minecraft:raw_iron":2,"minecraft:warped_fungus":1,"minecraft:cooked_porkchop":2,"minecraft:torch":2,"minecraft:warped_wart_block":1,"minecraft:dripstone_block":1,"minecraft:gravel":9,"minecraft:spruce_sapling":2,"minecraft:pointed_dripstone":6,"minecraft:spruce_log":6,"minecraft:redstone":92,"minecraft:golden_chestplate":1,"minecraft:rotten_flesh":3,"minecraft:diamond":6,"minecraft:nether_bricks":3,"minecraft:warped_nylium":1,"minecraft:warped_roots":3,"minecraft:mutton":1,"minecraft:black_wool":1,"minecraft:blaze_rod":6,"minecraft:netherrack":30,"minecraft:crimson_roots":2,"minecraft:cobblestone":27,"minecraft:ender_pearl":2},"minecraft:used":{"minecraft:nether_brick_fence":1,"minecraft:stone_sword":192,"minecraft:stone_pickaxe":262,"minecraft:shield":1,"minecraft:wooden_pickaxe":38,"minecraft:rotten_flesh":3,"minecraft:netherrack":16,"minecraft:warped_roots":3,"minecraft:torch":16,"minecraft:dirt":3,"minecraft:warped_wart_block":1,"minecraft:crafting_table":4,"minecraft:nether_bricks":3,"minecraft:shroomlight":1,"minecraft:black_wool":1,"minecraft:iron_pickaxe":86,"minecraft:crimson_roots":2,"minecraft:golden_sword":33,"minecraft:cobblestone":14,"minecraft:beef":1,"minecraft:warped_fungus":1,"minecraft:cooked_porkchop":2,"minecraft:cobbled_deepslate":33,"minecraft:pointed_dripstone":6},"minecraft:dropped":{"minecraft:golden_boots":1,"minecraft:warped_nylium":1,"minecraft:wheat_seeds":1,"minecraft:nether_wart":4,"minecraft:oak_planks":1,"minecraft:leather":3,"minecraft:glowstone_dust":5,"minecraft:flint":2,"minecraft:poppy":1,"minecraft:bone":3},"minecraft:custom":{"minecraft:interact_with_furnace":3,"minecraft:mob_kills":22,"minecraft:interact_with_crafting_table":8,"minecraft:time_since_death":12440,"minecraft:climb_one_cm":1304,"minecraft:time_since_rest":12479,"minecraft:sprint_one_cm":346020,"minecraft:damage_taken":4506,"minecraft:walk_one_cm":427234,"minecraft:damage_blocked_by_shield":182,"minecraft:drop":15,"minecraft:damage_dealt":3979,"minecraft:fly_one_cm":83032,"minecraft:open_chest":9,"minecraft:play_time":121076,"minecraft:deaths":10,"minecraft:walk_under_water_one_cm":817,"minecraft:jump":1383,"minecraft:walk_on_water_one_cm":1711,"minecraft:total_world_time":121076,"minecraft:fall_one_cm":31406},"minecraft:broken":{"minecraft:stone_pickaxe":2,"minecraft:golden_sword":1,"minecraft:stone_sword":1},"minecraft:mined":{"minecraft:nether_gold_ore":23,"minecraft:deepslate_redstone_ore":20,"minecraft:tuff":16,"minecraft:deepslate_diamond_ore":6,"minecraft:crafting_table":3,"minecraft:torch":1,"minecraft:short_grass":13,"minecraft:grass_block":1,"minecraft:poppy":1,"minecraft:warped_roots":1,"minecraft:crimson_roots":2,"minecraft:spruce_leaves":24,"minecraft:deepslate_gold_ore":4,"minecraft:warped_wart_block":1,"minecraft:weeping_vines_plant":1,"minecraft:glowstone":2,"minecraft:cobbled_deepslate":4,"minecraft:spruce_log":6,"minecraft:deepslate_lapis_ore":7,"minecraft:pointed_dripstone":3,"minecraft:deepslate_iron_ore":2,"minecraft:shroomlight":1,"minecraft:gravel":12,"minecraft:dirt":6,"minecraft:packed_ice":2,"minecraft:stone":20,"minecraft:netherrack":20,"minecraft:deepslate":249},"minecraft:killed":{"minecraft:hoglin":1,"minecraft:sheep":1,"minecraft:zombie":1,"minecraft:ghast":1,"minecraft:wither_skeleton":2,"minecraft:enderman":4,"minecraft:blaze":10,"minecraft:cow":2},"minecraft:killed_by":{"minecraft:player":3,"minecraft:creeper":1,"minecraft:blaze":4,"minecraft:zombie":1,"minecraft:enderman":1},"minecraft:crafted":{"minecraft:diamond_sword":1,"minecraft:crafting_table":1,"minecraft:spruce_planks":24,"minecraft:wooden_pickaxe":1,"minecraft:stick":12,"minecraft:iron_ingot":5,"minecraft:stone_pickaxe":2,"minecraft:stone_sword":2,"minecraft:gold_ingot":15,"minecraft:redstone_block":10,"minecraft:lapis_block":5}},"DataVersion":3955}