{"stats":{"minecraft:picked_up":{"minecraft:raw_iron":2,"minecraft:crafting_table":2,"minecraft:leather":2,"minecraft:torch":1,"minecraft:dripstone_block":1,"minecraft:gravel":9,"minecraft:flint":4,"minecraft:tuff":16,"minecraft:golden_boots":1,"minecraft:spruce_sapling":2,"minecraft:pointed_dripstone":6,"minecraft:shield":1,"minecraft:spruce_log":6,"minecraft:redstone":92,"minecraft:lapis_lazuli":46,"minecraft:dirt":3,"minecraft:rotten_flesh":3,"minecraft:diamond":6,"minecraft:gold_nugget":1,"minecraft:wheat_seeds":3,"minecraft:cobbled_deepslate":256,"minecraft:raw_gold":4,"minecraft:beef":1,"minecraft:poppy":1,"minecraft:iron_pickaxe":1,"minecraft:cobblestone":26},"minecraft:used":{"minecraft:stone_pickaxe":262,"minecraft:iron_pickaxe":44,"minecraft:wooden_pickaxe":36,"minecraft:rotten_flesh":3,"minecraft:torch":11,"minecraft:dirt":3,"minecraft:cobblestone":4,"minecraft:beef":1,"minecraft:crafting_table":2,"minecraft:cobbled_deepslate":32,"minecraft:pointed_dripstone":6},"minecraft:dropped":{"minecraft:wheat_seeds":1},"minecraft:custom":{"minecraft:time_since_rest":3524,"minecraft:interact_with_furnace":2,"minecraft:sprint_one_cm":84222,"minecraft:damage_taken":1565,"minecraft:walk_one_cm":196883,"minecraft:mob_kills":2,"minecraft:drop":1,"minecraft:damage_dealt":396,"minecraft:interact_with_crafting_table":4,"minecraft:fly_one_cm":33894,"minecraft:play_time":55076,"minecraft:deaths":3,"minecraft:walk_under_water_one_cm":817,"minecraft:jump":701,"minecraft:walk_on_water_one_cm":1711,"minecraft:time_since_death":3453,"minecraft:total_world_time":55076,"minecraft:fall_one_cm":19963},"minecraft:broken":{"minecraft:stone_pickaxe":2},"minecraft:mined":{"minecraft:deepslate_redstone_ore":20,"minecraft:tuff":16,"minecraft:deepslate_diamond_ore":6,"minecraft:cobbled_deepslate":4,"minecraft:spruce_log":6,"minecraft:torch":1,"minecraft:deepslate_lapis_ore":7,"minecraft:crafting_table":2,"minecraft:short_grass":12,"minecraft:pointed_dripstone":3,"minecraft:grass_block":1,"minecraft:poppy":1,"minecraft:deepslate_iron_ore":2,"minecraft:gravel":12,"minecraft:dirt":6,"minecraft:packed_ice":2,"minecraft:spruce_leaves":24,"minecraft:deepslate_gold_ore":4,"minecraft:stone":20,"minecraft:deepslate":249},"minecraft:crafted":{"minecraft:crafting_table":1,"minecraft:spruce_planks":24,"minecraft:stick":8,"minecraft:wooden_pickaxe":1,"minecraft:stone_pickaxe":2,"minecraft:gold_ingot":4},"minecraft:killed_by":{"minecraft:player":1,"minecraft:creeper":1,"minecraft:zombie":1},"minecraft:killed":{"minecraft:zombie":1,"minecraft:cow":1}},"DataVersion":3955}