{"stats":{"minecraft:crafted":{"minecraft:diamond_sword":1,"minecraft:crafting_table":1,"minecraft:spruce_planks":24,"minecraft:wooden_pickaxe":1,"minecraft:nether_bricks":5,"minecraft:stick":12,"minecraft:iron_ingot":5,"minecraft:stone_pickaxe":2,"minecraft:stone_sword":2,"minecraft:iron_leggings":1,"minecraft:gold_ingot":15,"minecraft:redstone_block":10,"minecraft:lapis_block":5},"minecraft:used":{"minecraft:nether_brick_fence":1,"minecraft:stone_sword":236,"minecraft:stone_pickaxe":262,"minecraft:wooden_pickaxe":40,"minecraft:shield":1,"minecraft:rotten_flesh":3,"minecraft:netherrack":18,"minecraft:warped_roots":3,"minecraft:mutton":1,"minecraft:torch":16,"minecraft:warped_wart_block":1,"minecraft:dirt":3,"minecraft:crafting_table":4,"minecraft:nether_bricks":3,"minecraft:shroomlight":1,"minecraft:black_wool":1,"minecraft:iron_pickaxe":88,"minecraft:crimson_roots":2,"minecraft:bow":68,"minecraft:diamond_sword":99,"minecraft:fire_charge":1,"minecraft:golden_sword":33,"minecraft:cobblestone":19,"minecraft:beef":1,"minecraft:warped_fungus":1,"minecraft:cooked_porkchop":2,"minecraft:splash_potion":1,"minecraft:cobbled_deepslate":33,"minecraft:pointed_dripstone":6},"minecraft:custom":{"minecraft:interact_with_furnace":3,"minecraft:mob_kills":27,"minecraft:interact_with_crafting_table":12,"minecraft:leave_game":1,"minecraft:time_since_death":9675,"minecraft:climb_one_cm":1757,"minecraft:time_since_rest":14583,"minecraft:sprint_one_cm":430998,"minecraft:damage_taken":6601,"minecraft:walk_one_cm":524085,"minecraft:damage_blocked_by_shield":182,"minecraft:drop":45,"minecraft:damage_dealt":5217,"minecraft:fly_one_cm":401354,"minecraft:open_chest":13,"minecraft:play_time":161183,"minecraft:crouch_one_cm":8,"minecraft:deaths":16,"minecraft:sneak_time":62,"minecraft:walk_under_water_one_cm":817,"minecraft:jump":1828,"minecraft:total_world_time":161183,"minecraft:walk_on_water_one_cm":4676,"minecraft:fall_one_cm":35756},"minecraft:broken":{"minecraft:stone_pickaxe":2,"minecraft:golden_sword":1,"minecraft:stone_sword":1},"minecraft:dropped":{"minecraft:golden_boots":1,"minecraft:wheat_seeds":1,"minecraft:warped_nylium":1,"minecraft:nether_wart":5,"minecraft:nether_brick":1,"minecraft:golden_horse_armor":1,"minecraft:weeping_vines":1,"minecraft:oak_planks":1,"minecraft:leather":3,"minecraft:glowstone_dust":5,"minecraft:ender_eye":1,"minecraft:flint":2,"minecraft:diamond_sword":1,"minecraft:poppy":1,"minecraft:gold_nugget":9,"minecraft:gold_ingot":15,"minecraft:bone":3},"minecraft:killed":{"minecraft:spider":1,"minecraft:hoglin":1,"minecraft:sheep":1,"minecraft:zombie":2,"minecraft:ghast":1,"minecraft:wither_skeleton":2,"minecraft:enderman":7,"minecraft:blaze":10,"minecraft:cow":2},"minecraft:killed_by":{"minecraft:player":5,"minecraft:creeper":1,"minecraft:blaze":4,"minecraft:zombie":2,"minecraft:enderman":1,"minecraft:ender_dragon":2},"minecraft:picked_up":{"minecraft:iron_chestplate":1,"minecraft:crafting_table":4,"minecraft:splash_potion":1,"minecraft:nether_brick_fence":1,"minecraft:nether_wart":5,"minecraft:leather":6,"minecraft:diamond_sword":1,"minecraft:tuff":16,"minecraft:flint":4,"minecraft:nether_brick":24,"minecraft:shield":1,"minecraft:golden_boots":1,"minecraft:nether_wart_block":2,"minecraft:lapis_lazuli":46,"minecraft:dirt":3,"minecraft:bone":5,"minecraft:shroomlight":1,"minecraft:wheat_seeds":3,"minecraft:gold_nugget":108,"minecraft:cobbled_deepslate":260,"minecraft:raw_gold":4,"minecraft:beef":2,"minecraft:ender_eye":1,"minecraft:poppy":2,"minecraft:iron_pickaxe":1,"minecraft:glowstone_dust":5,"minecraft:oak_planks":1,"minecraft:end_stone":2,"minecraft:raw_iron":2,"minecraft:warped_fungus":1,"minecraft:cooked_porkchop":2,"minecraft:torch":4,"minecraft:warped_wart_block":1,"minecraft:dripstone_block":1,"minecraft:gravel":9,"minecraft:fire_charge":1,"minecraft:spruce_sapling":2,"minecraft:pointed_dripstone":6,"minecraft:spruce_log":6,"minecraft:redstone":92,"minecraft:spectral_arrow":18,"minecraft:golden_chestplate":1,"minecraft:weeping_vines":1,"minecraft:rotten_flesh":3,"minecraft:diamond":6,"minecraft:nether_bricks":3,"minecraft:iron_helmet":1,"minecraft:carved_pumpkin":1,"minecraft:iron_bars":2,"minecraft:snowball":15,"minecraft:warped_roots":3,"minecraft:netherrack":33,"minecraft:blaze_rod":6,"minecraft:black_wool":1,"minecraft:warped_nylium":1,"minecraft:mutton":1,"minecraft:crimson_roots":2,"minecraft:cobblestone":27,"minecraft:ender_pearl":5},"minecraft:mined":{"minecraft:nether_gold_ore":25,"minecraft:deepslate_redstone_ore":20,"minecraft:tuff":16,"minecraft:deepslate_diamond_ore":6,"minecraft:crafting_table":3,"minecraft:torch":1,"minecraft:short_grass":13,"minecraft:grass_block":1,"minecraft:poppy":1,"minecraft:warped_roots":1,"minecraft:crimson_roots":2,"minecraft:spruce_leaves":24,"minecraft:deepslate_gold_ore":4,"minecraft:wall_torch":2,"minecraft:warped_wart_block":1,"minecraft:weeping_vines_plant":1,"minecraft:glowstone":2,"minecraft:cobbled_deepslate":4,"minecraft:spruce_log":6,"minecraft:deepslate_lapis_ore":7,"minecraft:pointed_dripstone":3,"minecraft:shroomlight":1,"minecraft:deepslate_iron_ore":2,"minecraft:iron_bars":2,"minecraft:gravel":12,"minecraft:dirt":6,"minecraft:packed_ice":2,"minecraft:stone":20,"minecraft:netherrack":20,"minecraft:deepslate":249}},"DataVersion":3955}