{"stats":{"minecraft:picked_up":{"minecraft:crafting_table":3,"minecraft:nether_wart":2,"minecraft:leather":2,"minecraft:flint":4,"minecraft:tuff":16,"minecraft:golden_boots":1,"minecraft:shield":1,"minecraft:lapis_lazuli":46,"minecraft:dirt":3,"minecraft:bone":2,"minecraft:shroomlight":1,"minecraft:wheat_seeds":3,"minecraft:gold_nugget":99,"minecraft:cobbled_deepslate":256,"minecraft:raw_gold":4,"minecraft:beef":1,"minecraft:poppy":2,"minecraft:iron_pickaxe":1,"minecraft:glowstone_dust":5,"minecraft:raw_iron":2,"minecraft:torch":1,"minecraft:dripstone_block":1,"minecraft:gravel":9,"minecraft:spruce_sapling":2,"minecraft:pointed_dripstone":6,"minecraft:spruce_log":6,"minecraft:redstone":92,"minecraft:golden_chestplate":1,"minecraft:rotten_flesh":3,"minecraft:diamond":6,"minecraft:netherrack":4,"minecraft:cobblestone":26},"minecraft:used":{"minecraft:stone_sword":28,"minecraft:stone_pickaxe":262,"minecraft:wooden_pickaxe":38,"minecraft:rotten_flesh":3,"minecraft:netherrack":4,"minecraft:torch":16,"minecraft:dirt":3,"minecraft:crafting_table":3,"minecraft:shroomlight":1,"minecraft:iron_pickaxe":69,"minecraft:cobblestone":6,"minecraft:beef":1,"minecraft:cobbled_deepslate":32,"minecraft:pointed_dripstone":6},"minecraft:dropped":{"minecraft:wheat_seeds":1,"minecraft:poppy":1},"minecraft:custom":{"minecraft:interact_with_furnace":3,"minecraft:mob_kills":4,"minecraft:interact_with_crafting_table":5,"minecraft:time_since_death":12854,"minecraft:climb_one_cm":775,"minecraft:time_since_rest":13004,"minecraft:sprint_one_cm":242919,"minecraft:damage_taken":2290,"minecraft:walk_one_cm":312671,"minecraft:drop":2,"minecraft:damage_dealt":818,"minecraft:fly_one_cm":46955,"minecraft:open_chest":9,"minecraft:play_time":85076,"minecraft:deaths":4,"minecraft:walk_under_water_one_cm":817,"minecraft:jump":969,"minecraft:walk_on_water_one_cm":1711,"minecraft:total_world_time":85076,"minecraft:fall_one_cm":25589},"minecraft:broken":{"minecraft:stone_pickaxe":2},"minecraft:mined":{"minecraft:nether_gold_ore":23,"minecraft:deepslate_redstone_ore":20,"minecraft:tuff":16,"minecraft:deepslate_diamond_ore":6,"minecraft:crafting_table":3,"minecraft:torch":1,"minecraft:short_grass":12,"minecraft:grass_block":1,"minecraft:poppy":1,"minecraft:spruce_leaves":24,"minecraft:deepslate_gold_ore":4,"minecraft:glowstone":2,"minecraft:cobbled_deepslate":4,"minecraft:spruce_log":6,"minecraft:deepslate_lapis_ore":7,"minecraft:pointed_dripstone":3,"minecraft:deepslate_iron_ore":2,"minecraft:shroomlight":1,"minecraft:gravel":12,"minecraft:dirt":6,"minecraft:packed_ice":2,"minecraft:stone":20,"minecraft:netherrack":3,"minecraft:deepslate":249},"minecraft:killed":{"minecraft:hoglin":1,"minecraft:zombie":1,"minecraft:wither_skeleton":1,"minecraft:cow":1},"minecraft:crafted":{"minecraft:crafting_table":1,"minecraft:spruce_planks":24,"minecraft:wooden_pickaxe":1,"minecraft:stick":8,"minecraft:iron_ingot":5,"minecraft:stone_pickaxe":2,"minecraft:stone_sword":1,"minecraft:gold_ingot":4,"minecraft:redstone_block":10,"minecraft:lapis_block":5},"minecraft:killed_by":{"minecraft:player":2,"minecraft:creeper":1,"minecraft:zombie":1}},"DataVersion":3955}