{"stats":{"minecraft:picked_up":{"minecraft:stick":1,"minecraft:leather":1,"minecraft:wheat_seeds":2,"minecraft:beef":4,"minecraft:oak_log":11,"minecraft:oak_sapling":2,"minecraft:mutton":1,"minecraft:white_wool":1,"minecraft:dirt":10,"minecraft:egg":2},"minecraft:used":{"minecraft:dirt":9,"minecraft:mutton":1,"minecraft:beef":3,"minecraft:oak_sapling":2,"minecraft:egg":2},"minecraft:dropped":{"minecraft:wheat_seeds":2},"minecraft:custom":{"minecraft:time_since_rest":1350,"minecraft:deaths":1,"minecraft:crouch_one_cm":324,"minecraft:sprint_one_cm":31930,"minecraft:play_time":12895,"minecraft:damage_taken":233,"minecraft:walk_one_cm":25287,"minecraft:walk_under_water_one_cm":527,"minecraft:sneak_time":59,"minecraft:mob_kills":3,"minecraft:drop":2,"minecraft:jump":463,"minecraft:damage_dealt":425,"minecraft:leave_game":1,"minecraft:walk_on_water_one_cm":68,"minecraft:time_since_death":1312,"minecraft:total_world_time":12895,"minecraft:player_kills":1,"minecraft:fall_one_cm":12879,"minecraft:fly_one_cm":102246},"minecraft:mined":{"minecraft:short_grass":19,"minecraft:grass_block":9,"minecraft:oak_log":11,"minecraft:gravel":1,"minecraft:dirt":11,"minecraft:ice":1,"minecraft:oak_leaves":2},"minecraft:killed_by":{"minecraft:player":1},"minecraft:crafted":{"minecraft:oak_planks":44},"minecraft:killed":{"minecraft:sheep":1,"minecraft:cow":2}},"DataVersion":3955}