{"stats":{"minecraft:crafted":{"minecraft:oak_planks":44,"minecraft:furnace":1,"minecraft:iron_boots":1,"minecraft:stone_pickaxe":3,"minecraft:dark_oak_planks":24,"minecraft:golden_helmet":1,"minecraft:wheat":36,"minecraft:golden_boots":1,"minecraft:diamond_sword":1,"minecraft:cooked_porkchop":1,"minecraft:crafting_table":5,"minecraft:spruce_planks":72,"minecraft:wooden_pickaxe":1,"minecraft:iron_helmet":1,"minecraft:bucket":1,"minecraft:stone_axe":2,"minecraft:bread":12,"minecraft:air":0,"minecraft:oak_boat":2,"minecraft:iron_chestplate":2,"minecraft:diamond_pickaxe":1,"minecraft:shield":1,"minecraft:stick":36,"minecraft:iron_ingot":22,"minecraft:iron_pickaxe":2,"minecraft:stone_sword":1,"minecraft:iron_leggings":1,"minecraft:gold_ingot":12,"minecraft:torch":72},"minecraft:used":{"minecraft:iron_bars":5,"minecraft:stone_sword":142,"minecraft:flint_and_steel":3,"minecraft:poppy":1,"minecraft:spruce_planks":25,"minecraft:shield":55,"minecraft:rotten_flesh":3,"minecraft:iron_chestplate":1,"minecraft:torch":111,"minecraft:dirt":12,"minecraft:mutton":4,"minecraft:weeping_vines":1,"minecraft:dark_oak_planks":12,"minecraft:warped_nylium":1,"minecraft:iron_helmet":1,"minecraft:iron_boots":1,"minecraft:stone_brick_stairs":1,"minecraft:stone_bricks":5,"minecraft:golden_sword":32,"minecraft:light_gray_wool":1,"minecraft:bow":105,"minecraft:beef":18,"minecraft:sweet_berries":13,"minecraft:oak_sapling":2,"minecraft:goat_horn":1,"minecraft:furnace":3,"minecraft:egg":2,"minecraft:pointed_dripstone":2,"minecraft:cobbled_deepslate":286,"minecraft:iron_leggings":1,"minecraft:water_bucket":29,"minecraft:mossy_stone_bricks":3,"minecraft:diorite":1,"minecraft:chorus_fruit":15,"minecraft:oak_planks":8,"minecraft:stone_pickaxe":384,"minecraft:ender_pearl":7,"minecraft:wooden_pickaxe":59,"minecraft:cracked_stone_bricks":1,"minecraft:crafting_table":13,"minecraft:dripstone_block":2,"minecraft:black_bed":1,"minecraft:end_stone":152,"minecraft:ender_eye":2,"minecraft:diamond_pickaxe":197,"minecraft:apple":4,"minecraft:crying_obsidian":3,"minecraft:chicken":1,"minecraft:bread":6,"minecraft:iron_pickaxe":500,"minecraft:gravel":17,"minecraft:iron_door":2,"minecraft:spruce_sapling":1,"minecraft:golden_helmet":1,"minecraft:stone_axe":107,"minecraft:nether_wart_block":2,"minecraft:diamond_sword":482,"minecraft:cobblestone":83,"minecraft:purple_bed":4,"minecraft:cooked_porkchop":2,"minecraft:andesite":20,"minecraft:bucket":30,"minecraft:oak_boat":2},"minecraft:custom":{"minecraft:mob_kills":87,"minecraft:interact_with_crafting_table":38,"minecraft:leave_game":5,"minecraft:time_since_death":0,"minecraft:climb_one_cm":2381,"minecraft:sprint_one_cm":993535,"minecraft:walk_one_cm":874460,"minecraft:damage_blocked_by_shield":2411,"minecraft:drop":142,"minecraft:talked_to_villager":6,"minecraft:play_time":322998,"minecraft:deaths":54,"minecraft:sneak_time":6131,"minecraft:walk_under_water_one_cm":14861,"minecraft:jump":7550,"minecraft:walk_on_water_one_cm":14585,"minecraft:total_world_time":322998,"minecraft:interact_with_furnace":31,"minecraft:sleep_in_bed":1,"minecraft:time_since_rest":21,"minecraft:damage_taken":18856,"minecraft:damage_dealt":26508,"minecraft:player_kills":9,"minecraft:swim_one_cm":13043,"minecraft:fly_one_cm":1652888,"minecraft:open_chest":33,"minecraft:crouch_one_cm":11365,"minecraft:fall_one_cm":193287},"minecraft:broken":{"minecraft:golden_helmet":1,"minecraft:golden_boots":1,"minecraft:stone_sword":1,"minecraft:iron_boots":1,"minecraft:iron_chestplate":1,"minecraft:iron_leggings":1,"minecraft:wooden_pickaxe":1,"minecraft:stone_pickaxe":3,"minecraft:shield":1,"minecraft:golden_sword":1,"minecraft:stone_axe":1,"minecraft:iron_pickaxe":2,"minecraft:iron_helmet":1},"minecraft:dropped":{"minecraft:golden_boots":1,"minecraft:bread":6,"minecraft:warped_stem":2,"minecraft:wheat_seeds":9,"minecraft:ender_pearl":8,"minecraft:dripstone_block":4,"minecraft:cooked_porkchop":2,"minecraft:weeping_vines":2,"minecraft:cobblestone":16,"minecraft:warped_roots":6,"minecraft:spectral_arrow":9,"minecraft:leather":6,"minecraft:flint":2,"minecraft:stick":1,"minecraft:dirt":14,"minecraft:dark_oak_fence":8,"minecraft:crimson_roots":2,"minecraft:iron_door":6,"minecraft:sand":3,"minecraft:dark_oak_planks":10,"minecraft:white_wool":2,"minecraft:gold_ingot":4,"minecraft:bone":2,"minecraft:gravel":15,"minecraft:warped_nylium":8,"minecraft:golden_chestplate":1,"minecraft:stone_sword":1,"minecraft:nether_wart":1,"minecraft:blaze_rod":5,"minecraft:cobbled_deepslate":64,"minecraft:nether_brick":1,"minecraft:tuff":7,"minecraft:pointed_dripstone":8,"minecraft:rotten_flesh":1,"minecraft:nether_brick_fence":3,"minecraft:gunpowder":2,"minecraft:iron_chestplate":1,"minecraft:spider_eye":1,"minecraft:arrow":3,"minecraft:raw_gold":1,"minecraft:crying_obsidian":2,"minecraft:netherrack":75},"minecraft:killed":{"minecraft:spider":1,"minecraft:shulker":6,"minecraft:skeleton":3,"minecraft:chicken":1,"minecraft:piglin":4,"minecraft:zombie_villager":1,"minecraft:iron_golem":1,"minecraft:hoglin":1,"minecraft:creeper":2,"minecraft:sheep":3,"minecraft:pillager":1,"minecraft:zombie":9,"minecraft:ghast":1,"minecraft:enderman":27,"minecraft:blaze":14,"minecraft:cow":10},"minecraft:killed_by":{"minecraft:player":13,"minecraft:wither_skeleton":1,"minecraft:spider":1,"minecraft:enderman":14,"minecraft:ender_dragon":5,"minecraft:blaze":7,"minecraft:zombie":1},"minecraft:picked_up":{"minecraft:shulker_shell":3,"minecraft:crafting_table":9,"minecraft:nether_brick_fence":3,"minecraft:chicken":1,"minecraft:nether_wart":1,"minecraft:nether_brick":2,"minecraft:stone_brick_stairs":1,"minecraft:blackstone":5,"minecraft:cracked_stone_bricks":2,"minecraft:gold_nugget":27,"minecraft:cobbled_deepslate":370,"minecraft:spruce_planks":30,"minecraft:beef":18,"minecraft:ender_eye":2,"minecraft:poppy":1,"minecraft:light_gray_wool":1,"minecraft:furnace":2,"minecraft:egg":2,"minecraft:stick":5,"minecraft:raw_iron":27,"minecraft:end_stone":167,"minecraft:torch":11,"minecraft:porkchop":3,"minecraft:pointed_dripstone":10,"minecraft:diorite":14,"minecraft:goat_horn":1,"minecraft:stone_sword":1,"minecraft:weeping_vines":3,"minecraft:arrow":4,"minecraft:rotten_flesh":9,"minecraft:nether_bricks":3,"minecraft:hay_block":4,"minecraft:iron_bars":5,"minecraft:blaze_rod":5,"minecraft:mutton":4,"minecraft:white_wool":2,"minecraft:cobblestone":323,"minecraft:iron_door":8,"minecraft:andesite":48,"minecraft:leather":6,"minecraft:flint":2,"minecraft:tuff":7,"minecraft:oak_log":11,"minecraft:golden_boots":1,"minecraft:nether_wart_block":2,"minecraft:gunpowder":4,"minecraft:dirt":26,"minecraft:bone":4,"minecraft:stone_bricks":5,"minecraft:wheat_seeds":9,"minecraft:warped_stem":2,"minecraft:raw_gold":10,"minecraft:iron_ingot":6,"minecraft:mossy_stone_bricks":5,"minecraft:glowstone_dust":4,"minecraft:oak_planks":5,"minecraft:ghast_tear":1,"minecraft:cooked_porkchop":3,"minecraft:sweet_berries":13,"minecraft:quartz":7,"minecraft:dripstone_block":6,"minecraft:gravel":32,"minecraft:sand":3,"minecraft:spruce_sapling":2,"minecraft:dragon_egg":1,"minecraft:spruce_log":18,"minecraft:crying_obsidian":5,"minecraft:spectral_arrow":9,"minecraft:dark_oak_log":6,"minecraft:spider_eye":1,"minecraft:purple_bed":4,"minecraft:diamond":6,"minecraft:granite":100,"minecraft:chorus_fruit":15,"minecraft:warped_roots":6,"minecraft:oak_sapling":2,"minecraft:netherrack":75,"minecraft:warped_nylium":9,"minecraft:dark_oak_fence":8,"minecraft:coal":32,"minecraft:crimson_roots":2,"minecraft:ender_pearl":14},"minecraft:mined":{"minecraft:nether_gold_ore":5,"minecraft:spruce_planks":3,"minecraft:tuff":7,"minecraft:deepslate_diamond_ore":6,"minecraft:dark_oak_log":6,"minecraft:end_stone":160,"minecraft:granite":53,"minecraft:dark_oak_fence":13,"minecraft:grass_block":12,"minecraft:crimson_roots":2,"minecraft:weeping_vines":1,"minecraft:spruce_leaves":6,"minecraft:spawner":2,"minecraft:large_fern":1,"minecraft:hay_block":4,"minecraft:weeping_vines_plant":1,"minecraft:glowstone":1,"minecraft:furnace":2,"minecraft:iron_ore":5,"minecraft:cobbled_deepslate":20,"minecraft:fire":29,"minecraft:andesite":35,"minecraft:pointed_dripstone":1,"minecraft:deepslate_iron_ore":21,"minecraft:iron_bars":1,"minecraft:warped_stem":2,"minecraft:packed_ice":13,"minecraft:chorus_plant":3,"minecraft:stone":286,"minecraft:magenta_stained_glass":6,"minecraft:blackstone":3,"minecraft:crimson_nylium":1,"minecraft:crafting_table":10,"minecraft:torch":6,"minecraft:short_grass":36,"minecraft:poppy":1,"minecraft:nether_quartz_ore":7,"minecraft:tall_grass":6,"minecraft:cobblestone":4,"minecraft:deepslate_coal_ore":1,"minecraft:deepslate_gold_ore":10,"minecraft:oak_planks":6,"minecraft:diorite":8,"minecraft:iron_door":8,"minecraft:wall_torch":4,"minecraft:purple_bed":3,"minecraft:warped_nylium":2,"minecraft:nether_wart_block":3,"minecraft:ice":1,"minecraft:spruce_log":19,"minecraft:oak_log":11,"minecraft:coal_ore":20,"minecraft:gravel":20,"minecraft:dripstone_block":2,"minecraft:dirt":13,"minecraft:cracked_stone_bricks":4,"minecraft:stone_bricks":4,"minecraft:deepslate":353,"minecraft:netherrack":81,"minecraft:oak_leaves":2,"minecraft:mossy_stone_bricks":5}},"DataVersion":3955}