{"stats":{"minecraft:picked_up":{"minecraft:crafting_table":8,"minecraft:chicken":1,"minecraft:nether_wart":1,"minecraft:nether_brick_fence":3,"minecraft:blackstone":5,"minecraft:gold_nugget":27,"minecraft:cobbled_deepslate":273,"minecraft:spruce_planks":30,"minecraft:beef":16,"minecraft:ender_eye":1,"minecraft:poppy":1,"minecraft:light_gray_wool":1,"minecraft:egg":2,"minecraft:furnace":2,"minecraft:raw_iron":19,"minecraft:stick":5,"minecraft:torch":5,"minecraft:porkchop":3,"minecraft:pointed_dripstone":10,"minecraft:diorite":1,"minecraft:goat_horn":1,"minecraft:stone_sword":1,"minecraft:arrow":3,"minecraft:weeping_vines":3,"minecraft:rotten_flesh":3,"minecraft:nether_bricks":3,"minecraft:hay_block":4,"minecraft:blaze_rod":5,"minecraft:mutton":2,"minecraft:cobblestone":9,"minecraft:white_wool":1,"minecraft:leather":6,"minecraft:flint":2,"minecraft:tuff":7,"minecraft:oak_log":11,"minecraft:golden_boots":1,"minecraft:nether_wart_block":2,"minecraft:gunpowder":4,"minecraft:dirt":12,"minecraft:bone":2,"minecraft:wheat_seeds":9,"minecraft:raw_gold":10,"minecraft:warped_stem":2,"minecraft:iron_ingot":6,"minecraft:glowstone_dust":4,"minecraft:oak_planks":5,"minecraft:ghast_tear":1,"minecraft:cooked_porkchop":3,"minecraft:sweet_berries":13,"minecraft:quartz":7,"minecraft:gravel":30,"minecraft:dripstone_block":6,"minecraft:spruce_sapling":2,"minecraft:spider_eye":1,"minecraft:spruce_log":18,"minecraft:dark_oak_log":6,"minecraft:crying_obsidian":5,"minecraft:spectral_arrow":9,"minecraft:purple_bed":2,"minecraft:diamond":1,"minecraft:warped_roots":6,"minecraft:dark_oak_fence":8,"minecraft:warped_nylium":9,"minecraft:coal":8,"minecraft:oak_sapling":2,"minecraft:netherrack":75,"minecraft:crimson_roots":2,"minecraft:ender_pearl":8},"minecraft:used":{"minecraft:stone_sword":142,"minecraft:flint_and_steel":3,"minecraft:poppy":1,"minecraft:spruce_planks":3,"minecraft:shield":36,"minecraft:rotten_flesh":2,"minecraft:iron_chestplate":1,"minecraft:torch":58,"minecraft:dirt":12,"minecraft:mutton":1,"minecraft:weeping_vines":1,"minecraft:warped_nylium":1,"minecraft:iron_boots":1,"minecraft:light_gray_wool":1,"minecraft:golden_sword":32,"minecraft:beef":7,"minecraft:sweet_berries":13,"minecraft:goat_horn":1,"minecraft:furnace":3,"minecraft:oak_sapling":2,"minecraft:egg":2,"minecraft:cobbled_deepslate":161,"minecraft:pointed_dripstone":2,"minecraft:diorite":1,"minecraft:stone_pickaxe":137,"minecraft:oak_planks":8,"minecraft:wooden_pickaxe":59,"minecraft:crafting_table":10,"minecraft:dripstone_block":2,"minecraft:crying_obsidian":3,"minecraft:chicken":1,"minecraft:bread":6,"minecraft:iron_pickaxe":250,"minecraft:gravel":17,"minecraft:spruce_sapling":1,"minecraft:golden_helmet":1,"minecraft:stone_axe":106,"minecraft:nether_wart_block":2,"minecraft:diamond_sword":167,"minecraft:cobblestone":1,"minecraft:purple_bed":1,"minecraft:cooked_porkchop":1,"minecraft:bucket":1,"minecraft:oak_boat":2},"minecraft:dropped":{"minecraft:golden_boots":1,"minecraft:bread":6,"minecraft:warped_stem":2,"minecraft:wheat_seeds":8,"minecraft:ender_pearl":8,"minecraft:dripstone_block":4,"minecraft:cooked_porkchop":2,"minecraft:weeping_vines":2,"minecraft:cobblestone":1,"minecraft:warped_roots":6,"minecraft:spectral_arrow":9,"minecraft:flint":2,"minecraft:stick":1,"minecraft:dark_oak_fence":8,"minecraft:crimson_roots":2,"minecraft:white_wool":1,"minecraft:gold_ingot":4,"minecraft:bone":2,"minecraft:gravel":13,"minecraft:warped_nylium":8,"minecraft:blaze_rod":5,"minecraft:nether_wart":1,"minecraft:golden_chestplate":1,"minecraft:stone_sword":1,"minecraft:tuff":7,"minecraft:pointed_dripstone":8,"minecraft:rotten_flesh":1,"minecraft:nether_brick_fence":3,"minecraft:gunpowder":2,"minecraft:spider_eye":1,"minecraft:arrow":3,"minecraft:raw_gold":1,"minecraft:crying_obsidian":2,"minecraft:netherrack":75},"minecraft:broken":{"minecraft:golden_helmet":1,"minecraft:stone_sword":1,"minecraft:wooden_pickaxe":1,"minecraft:stone_pickaxe":1,"minecraft:golden_sword":1,"minecraft:stone_axe":1,"minecraft:iron_pickaxe":1},"minecraft:custom":{"minecraft:mob_kills":64,"minecraft:interact_with_crafting_table":20,"minecraft:leave_game":2,"minecraft:time_since_death":21808,"minecraft:climb_one_cm":1077,"minecraft:sprint_one_cm":576941,"minecraft:walk_one_cm":483502,"minecraft:damage_blocked_by_shield":1661,"minecraft:drop":120,"minecraft:talked_to_villager":6,"minecraft:play_time":174861,"minecraft:deaths":16,"minecraft:sneak_time":2855,"minecraft:walk_under_water_one_cm":2242,"minecraft:jump":4193,"minecraft:walk_on_water_one_cm":8828,"minecraft:total_world_time":174861,"minecraft:interact_with_furnace":17,"minecraft:sleep_in_bed":1,"minecraft:time_since_rest":74,"minecraft:damage_taken":6226,"minecraft:damage_dealt":16982,"minecraft:swim_one_cm":9312,"minecraft:fly_one_cm":648758,"minecraft:player_kills":5,"minecraft:open_chest":14,"minecraft:crouch_one_cm":4199,"minecraft:fall_one_cm":113018},"minecraft:mined":{"minecraft:nether_gold_ore":5,"minecraft:spruce_planks":3,"minecraft:tuff":7,"minecraft:deepslate_diamond_ore":1,"minecraft:dark_oak_log":6,"minecraft:dark_oak_fence":13,"minecraft:grass_block":11,"minecraft:crimson_roots":2,"minecraft:weeping_vines":1,"minecraft:spruce_leaves":6,"minecraft:spawner":1,"minecraft:large_fern":1,"minecraft:hay_block":4,"minecraft:weeping_vines_plant":1,"minecraft:glowstone":1,"minecraft:furnace":2,"minecraft:fire":9,"minecraft:iron_ore":4,"minecraft:cobbled_deepslate":3,"minecraft:pointed_dripstone":1,"minecraft:deepslate_iron_ore":14,"minecraft:warped_stem":2,"minecraft:packed_ice":13,"minecraft:stone":6,"minecraft:blackstone":3,"minecraft:crimson_nylium":1,"minecraft:crafting_table":9,"minecraft:torch":3,"minecraft:short_grass":35,"minecraft:poppy":1,"minecraft:nether_quartz_ore":7,"minecraft:tall_grass":6,"minecraft:cobblestone":2,"minecraft:deepslate_gold_ore":10,"minecraft:oak_planks":6,"minecraft:wall_torch":3,"minecraft:purple_bed":3,"minecraft:warped_nylium":2,"minecraft:nether_wart_block":3,"minecraft:ice":1,"minecraft:spruce_log":19,"minecraft:coal_ore":8,"minecraft:oak_log":11,"minecraft:gravel":20,"minecraft:dripstone_block":2,"minecraft:dirt":11,"minecraft:netherrack":81,"minecraft:oak_leaves":2,"minecraft:deepslate":272},"minecraft:killed":{"minecraft:spider":1,"minecraft:skeleton":2,"minecraft:chicken":1,"minecraft:piglin":4,"minecraft:zombie_villager":1,"minecraft:iron_golem":1,"minecraft:hoglin":1,"minecraft:creeper":2,"minecraft:sheep":2,"minecraft:pillager":1,"minecraft:zombie":4,"minecraft:ghast":1,"minecraft:blaze":14,"minecraft:enderman":18,"minecraft:cow":9},"minecraft:killed_by":{"minecraft:player":2,"minecraft:wither_skeleton":1,"minecraft:spider":1,"minecraft:blaze":7},"minecraft:crafted":{"minecraft:oak_planks":44,"minecraft:furnace":1,"minecraft:iron_boots":1,"minecraft:stone_pickaxe":2,"minecraft:golden_helmet":1,"minecraft:wheat":36,"minecraft:golden_boots":1,"minecraft:diamond_sword":1,"minecraft:crafting_table":2,"minecraft:spruce_planks":44,"minecraft:wooden_pickaxe":1,"minecraft:bucket":1,"minecraft:stone_axe":2,"minecraft:bread":12,"minecraft:air":0,"minecraft:oak_boat":2,"minecraft:iron_chestplate":1,"minecraft:shield":1,"minecraft:stick":16,"minecraft:iron_ingot":16,"minecraft:iron_pickaxe":1,"minecraft:stone_sword":1,"minecraft:gold_ingot":12,"minecraft:torch":24}},"DataVersion":3955}