{"stats":{"minecraft:picked_up":{"minecraft:crafting_table":6,"minecraft:chicken":1,"minecraft:nether_wart":1,"minecraft:nether_brick_fence":3,"minecraft:blackstone":5,"minecraft:cobbled_deepslate":273,"minecraft:spruce_planks":30,"minecraft:beef":4,"minecraft:poppy":1,"minecraft:egg":2,"minecraft:furnace":2,"minecraft:raw_iron":19,"minecraft:stick":5,"minecraft:torch":5,"minecraft:porkchop":3,"minecraft:pointed_dripstone":10,"minecraft:diorite":1,"minecraft:stone_sword":1,"minecraft:arrow":3,"minecraft:weeping_vines":2,"minecraft:nether_bricks":3,"minecraft:blaze_rod":5,"minecraft:mutton":1,"minecraft:cobblestone":9,"minecraft:white_wool":1,"minecraft:leather":3,"minecraft:tuff":7,"minecraft:oak_log":11,"minecraft:nether_wart_block":1,"minecraft:gunpowder":2,"minecraft:dirt":12,"minecraft:bone":2,"minecraft:wheat_seeds":5,"minecraft:raw_gold":10,"minecraft:warped_stem":2,"minecraft:iron_ingot":1,"minecraft:glowstone_dust":4,"minecraft:oak_planks":1,"minecraft:cooked_porkchop":3,"minecraft:quartz":7,"minecraft:dripstone_block":6,"minecraft:spruce_sapling":2,"minecraft:spruce_log":18,"minecraft:diamond":1,"minecraft:warped_roots":3,"minecraft:warped_nylium":5,"minecraft:coal":8,"minecraft:oak_sapling":2,"minecraft:netherrack":66,"minecraft:crimson_roots":2,"minecraft:ender_pearl":2},"minecraft:used":{"minecraft:stone_sword":142,"minecraft:poppy":1,"minecraft:spruce_planks":3,"minecraft:shield":31,"minecraft:iron_chestplate":1,"minecraft:torch":58,"minecraft:dirt":12,"minecraft:mutton":1,"minecraft:warped_nylium":1,"minecraft:iron_boots":1,"minecraft:golden_sword":32,"minecraft:beef":4,"minecraft:furnace":3,"minecraft:oak_sapling":2,"minecraft:egg":2,"minecraft:cobbled_deepslate":144,"minecraft:pointed_dripstone":2,"minecraft:diorite":1,"minecraft:stone_pickaxe":131,"minecraft:oak_planks":1,"minecraft:wooden_pickaxe":59,"minecraft:crafting_table":7,"minecraft:dripstone_block":2,"minecraft:chicken":1,"minecraft:iron_pickaxe":236,"minecraft:spruce_sapling":1,"minecraft:golden_helmet":1,"minecraft:stone_axe":77,"minecraft:nether_wart_block":1,"minecraft:diamond_sword":20,"minecraft:cobblestone":1,"minecraft:cooked_porkchop":1},"minecraft:dropped":{"minecraft:golden_boots":1,"minecraft:wheat_seeds":5,"minecraft:dripstone_block":4,"minecraft:cooked_porkchop":2,"minecraft:weeping_vines":2,"minecraft:warped_roots":2,"minecraft:stick":1,"minecraft:crimson_roots":1,"minecraft:white_wool":1,"minecraft:bone":2,"minecraft:warped_nylium":4,"minecraft:golden_chestplate":1,"minecraft:stone_sword":1,"minecraft:tuff":7,"minecraft:pointed_dripstone":8,"minecraft:nether_brick_fence":3,"minecraft:gunpowder":2,"minecraft:raw_gold":1},"minecraft:broken":{"minecraft:golden_helmet":1,"minecraft:stone_sword":1,"minecraft:wooden_pickaxe":1,"minecraft:stone_pickaxe":1,"minecraft:golden_sword":1,"minecraft:stone_axe":1},"minecraft:custom":{"minecraft:mob_kills":38,"minecraft:interact_with_crafting_table":15,"minecraft:leave_game":2,"minecraft:time_since_death":11160,"minecraft:climb_one_cm":1077,"minecraft:sprint_one_cm":377853,"minecraft:walk_one_cm":355298,"minecraft:damage_blocked_by_shield":1360,"minecraft:drop":48,"minecraft:play_time":126861,"minecraft:deaths":13,"minecraft:sneak_time":1841,"minecraft:walk_under_water_one_cm":1391,"minecraft:jump":3167,"minecraft:walk_on_water_one_cm":6709,"minecraft:total_world_time":126861,"minecraft:interact_with_furnace":17,"minecraft:time_since_rest":11196,"minecraft:damage_taken":4703,"minecraft:damage_dealt":10495,"minecraft:swim_one_cm":7276,"minecraft:fly_one_cm":481095,"minecraft:player_kills":5,"minecraft:open_chest":12,"minecraft:crouch_one_cm":3901,"minecraft:fall_one_cm":86534},"minecraft:mined":{"minecraft:spruce_planks":3,"minecraft:tuff":7,"minecraft:deepslate_diamond_ore":1,"minecraft:grass_block":11,"minecraft:crimson_roots":2,"minecraft:weeping_vines":1,"minecraft:spruce_leaves":6,"minecraft:spawner":1,"minecraft:weeping_vines_plant":1,"minecraft:glowstone":1,"minecraft:furnace":2,"minecraft:fire":6,"minecraft:iron_ore":4,"minecraft:cobbled_deepslate":3,"minecraft:pointed_dripstone":1,"minecraft:deepslate_iron_ore":14,"minecraft:warped_stem":2,"minecraft:packed_ice":13,"minecraft:stone":6,"minecraft:blackstone":3,"minecraft:crafting_table":6,"minecraft:torch":3,"minecraft:short_grass":30,"minecraft:poppy":1,"minecraft:nether_quartz_ore":7,"minecraft:tall_grass":6,"minecraft:cobblestone":2,"minecraft:deepslate_gold_ore":10,"minecraft:oak_planks":1,"minecraft:wall_torch":3,"minecraft:nether_wart_block":2,"minecraft:ice":1,"minecraft:spruce_log":19,"minecraft:coal_ore":8,"minecraft:oak_log":11,"minecraft:gravel":1,"minecraft:dripstone_block":2,"minecraft:dirt":11,"minecraft:netherrack":69,"minecraft:oak_leaves":2,"minecraft:deepslate":272},"minecraft:killed":{"minecraft:skeleton":2,"minecraft:chicken":1,"minecraft:piglin":1,"minecraft:hoglin":1,"minecraft:creeper":2,"minecraft:sheep":1,"minecraft:zombie":2,"minecraft:blaze":14,"minecraft:enderman":11,"minecraft:cow":2},"minecraft:killed_by":{"minecraft:player":1,"minecraft:wither_skeleton":1,"minecraft:blaze":7},"minecraft:crafted":{"minecraft:oak_planks":44,"minecraft:furnace":1,"minecraft:iron_boots":1,"minecraft:stone_pickaxe":1,"minecraft:golden_helmet":1,"minecraft:golden_boots":1,"minecraft:diamond_sword":1,"minecraft:crafting_table":2,"minecraft:spruce_planks":44,"minecraft:wooden_pickaxe":1,"minecraft:stone_axe":2,"minecraft:air":0,"minecraft:iron_chestplate":1,"minecraft:shield":1,"minecraft:stick":16,"minecraft:iron_ingot":16,"minecraft:iron_pickaxe":1,"minecraft:stone_sword":1,"minecraft:gold_ingot":9,"minecraft:torch":24}},"DataVersion":3955}