{"stats":{"minecraft:crafted":{"minecraft:smooth_stone":3,"minecraft:oak_planks":172,"minecraft:stone":3,"minecraft:diamond_helmet":1,"minecraft:diamond_leggings":1,"minecraft:iron_boots":1,"minecraft:chest":2,"minecraft:golden_boots":1,"minecraft:cooked_porkchop":1,"minecraft:emerald":145,"minecraft:diamond_axe":1,"minecraft:crafting_table":6,"minecraft:spruce_planks":2099,"minecraft:wooden_pickaxe":1,"minecraft:iron_helmet":1,"minecraft:birch_planks":12,"minecraft:pumpkin_seeds":8,"minecraft:iron_chestplate":2,"minecraft:diamond_pickaxe":2,"minecraft:shield":1,"minecraft:stick":4108,"minecraft:iron_pickaxe":2,"minecraft:iron_ingot":59,"minecraft:stone_sword":1,"minecraft:gold_ingot":12,"minecraft:jungle_sign":3,"minecraft:golden_carrot":30,"minecraft:furnace":3,"minecraft:blast_furnace":1,"minecraft:bone_meal":33,"minecraft:oak_trapdoor":2,"minecraft:iron_axe":2,"minecraft:spruce_slab":78,"minecraft:iron_hoe":1,"minecraft:stone_pickaxe":3,"minecraft:diamond_boots":1,"minecraft:spruce_boat":1,"minecraft:dark_oak_planks":24,"minecraft:golden_helmet":1,"minecraft:chainmail_leggings":1,"minecraft:wheat":36,"minecraft:diamond_sword":1,"minecraft:bucket":1,"minecraft:stone_axe":2,"minecraft:bread":324,"minecraft:air":0,"minecraft:oak_boat":2,"minecraft:birch_trapdoor":2,"minecraft:iron_shovel":1,"minecraft:iron_leggings":1,"minecraft:white_bed":1,"minecraft:torch":196,"minecraft:diamond_chestplate":1},"minecraft:used":{"minecraft:iron_shovel":186,"minecraft:spruce_slab":78,"minecraft:poppy":3,"minecraft:chest":2,"minecraft:shield":55,"minecraft:iron_sword":244,"minecraft:rotten_flesh":8,"minecraft:iron_chestplate":1,"minecraft:mutton":9,"minecraft:tuff":48,"minecraft:weeping_vines":1,"minecraft:spruce_boat":1,"minecraft:lava_bucket":1,"minecraft:birch_sapling":1,"minecraft:warped_nylium":1,"minecraft:iron_helmet":1,"minecraft:stone_brick_stairs":1,"minecraft:stone_bricks":5,"minecraft:birch_trapdoor":1,"minecraft:golden_sword":32,"minecraft:bow":137,"minecraft:sweet_berries":13,"minecraft:furnace":5,"minecraft:oak_sapling":2,"minecraft:egg":2,"minecraft:mossy_stone_bricks":3,"minecraft:diorite":1,"minecraft:chorus_fruit":68,"minecraft:stone_pickaxe":384,"minecraft:oak_planks":68,"minecraft:ender_pearl":22,"minecraft:wooden_pickaxe":59,"minecraft:diamond_axe":203,"minecraft:blast_furnace":4,"minecraft:crossbow":23,"minecraft:dripstone_block":2,"minecraft:black_bed":1,"minecraft:end_stone":237,"minecraft:pumpkin_seeds":8,"minecraft:crying_obsidian":3,"minecraft:bread":18,"minecraft:iron_door":2,"minecraft:gravel":17,"minecraft:golden_helmet":1,"minecraft:nether_wart_block":2,"minecraft:diamond_sword":835,"minecraft:grindstone":4,"minecraft:smithing_table":3,"minecraft:andesite":20,"minecraft:oak_boat":2,"minecraft:bone_meal":38,"minecraft:oak_trapdoor":1,"minecraft:iron_bars":5,"minecraft:stone_sword":142,"minecraft:flint_and_steel":3,"minecraft:spruce_planks":25,"minecraft:torch":340,"minecraft:brewing_stand":1,"minecraft:dirt":122,"minecraft:iron_hoe":96,"minecraft:dark_oak_planks":12,"minecraft:iron_axe":500,"minecraft:iron_boots":1,"minecraft:light_gray_wool":1,"minecraft:golden_carrot":23,"minecraft:beef":18,"minecraft:goat_horn":4,"minecraft:cobbled_deepslate":461,"minecraft:iron_leggings":1,"minecraft:pointed_dripstone":2,"minecraft:wheat_seeds":106,"minecraft:acacia_boat":2,"minecraft:water_bucket":53,"minecraft:cracked_stone_bricks":1,"minecraft:crafting_table":16,"minecraft:white_bed":1,"minecraft:spruce_log":22,"minecraft:ender_eye":2,"minecraft:diamond_pickaxe":2485,"minecraft:apple":4,"minecraft:chicken":1,"minecraft:iron_pickaxe":500,"minecraft:spruce_sapling":60,"minecraft:stone_axe":207,"minecraft:cobblestone":109,"minecraft:potion":1,"minecraft:purple_bed":5,"minecraft:cooked_porkchop":47,"minecraft:bucket":54,"minecraft:dandelion":6},"minecraft:custom":{"minecraft:interact_with_crafting_table":68,"minecraft:leave_game":6,"minecraft:time_since_death":2625,"minecraft:sprint_one_cm":2192667,"minecraft:damage_blocked_by_shield":2411,"minecraft:drop":290,"minecraft:talked_to_villager":62,"minecraft:play_time":747149,"minecraft:deaths":96,"minecraft:jump":15701,"minecraft:walk_on_water_one_cm":75868,"minecraft:enchant_item":7,"minecraft:interact_with_furnace":47,"minecraft:traded_with_villager":207,"minecraft:sleep_in_bed":11,"minecraft:damage_dealt":55372,"minecraft:player_kills":30,"minecraft:crouch_one_cm":51071,"minecraft:interact_with_smithing_table":2,"minecraft:interact_with_anvil":1,"minecraft:mob_kills":235,"minecraft:climb_one_cm":5787,"minecraft:walk_one_cm":1874973,"minecraft:sneak_time":16424,"minecraft:walk_under_water_one_cm":213899,"minecraft:boat_one_cm":1583,"minecraft:interact_with_blast_furnace":8,"minecraft:total_world_time":747149,"minecraft:interact_with_grindstone":3,"minecraft:time_since_rest":2654,"minecraft:damage_taken":36667,"minecraft:swim_one_cm":23667,"minecraft:fly_one_cm":3021874,"minecraft:open_chest":98,"minecraft:aviate_one_cm":38952,"minecraft:fall_one_cm":394759},"minecraft:broken":{"minecraft:golden_helmet":1,"minecraft:golden_boots":2,"minecraft:iron_boots":1,"minecraft:iron_chestplate":2,"minecraft:iron_leggings":1,"minecraft:stone_pickaxe":3,"minecraft:golden_sword":1,"minecraft:diamond_pickaxe":1,"minecraft:stone_axe":2,"minecraft:stone_sword":1,"minecraft:wooden_pickaxe":1,"minecraft:shield":1,"minecraft:iron_axe":2,"minecraft:iron_pickaxe":2,"minecraft:iron_helmet":1},"minecraft:dropped":{"minecraft:warped_stem":2,"minecraft:soul_sand":1,"minecraft:birch_planks":2,"minecraft:glass_bottle":1,"minecraft:ender_pearl":8,"minecraft:cooked_porkchop":2,"minecraft:crossbow":1,"minecraft:weeping_vines":2,"minecraft:warped_roots":6,"minecraft:black_bed":1,"minecraft:leather":6,"minecraft:emerald":40,"minecraft:flint":6,"minecraft:dirt":98,"minecraft:dark_oak_fence":8,"minecraft:crimson_roots":2,"minecraft:sand":14,"minecraft:dark_oak_planks":10,"minecraft:white_wool":4,"minecraft:gold_ingot":4,"minecraft:bone":2,"minecraft:gravel":19,"minecraft:golden_chestplate":1,"minecraft:cobbled_deepslate":481,"minecraft:nether_brick":1,"minecraft:pointed_dripstone":8,"minecraft:rotten_flesh":119,"minecraft:oak_planks":1,"minecraft:nether_brick_fence":3,"minecraft:gunpowder":2,"minecraft:birch_trapdoor":1,"minecraft:arrow":3,"minecraft:crying_obsidian":2,"minecraft:netherrack":75,"minecraft:water_bucket":2,"minecraft:golden_boots":1,"minecraft:bread":355,"minecraft:wheat_seeds":10,"minecraft:mossy_cobblestone":7,"minecraft:dripstone_block":4,"minecraft:cobblestone":112,"minecraft:spectral_arrow":9,"minecraft:granite":8,"minecraft:stick":1,"minecraft:ink_sac":1,"minecraft:iron_door":6,"minecraft:chainmail_leggings":5,"minecraft:string":5,"minecraft:spruce_sapling":54,"minecraft:redstone":16,"minecraft:warped_nylium":8,"minecraft:blaze_rod":5,"minecraft:nether_wart":1,"minecraft:stone_sword":1,"minecraft:deepslate":6,"minecraft:tuff":40,"minecraft:potato":1,"minecraft:diamond_pickaxe":1,"minecraft:iron_chestplate":1,"minecraft:andesite":6,"minecraft:spider_eye":1,"minecraft:raw_gold":1},"minecraft:killed_by":{"minecraft:wither_skeleton":1,"minecraft:creeper":1,"minecraft:blaze":7,"minecraft:zombie":3,"minecraft:player":39,"minecraft:spider":1,"minecraft:enderman":17,"minecraft:ender_dragon":5,"minecraft:shulker":2,"minecraft:skeleton":2},"minecraft:killed":{"minecraft:witch":1,"minecraft:spider":9,"minecraft:shulker":10,"minecraft:skeleton":19,"minecraft:chicken":1,"minecraft:piglin":4,"minecraft:pig":1,"minecraft:zombie_villager":2,"minecraft:iron_golem":1,"minecraft:creeper":11,"minecraft:sheep":7,"minecraft:pillager":1,"minecraft:zombie":85,"minecraft:ghast":3,"minecraft:cow":11,"minecraft:blaze":14,"minecraft:drowned":1,"minecraft:hoglin":1,"minecraft:enderman":49},"minecraft:picked_up":{"minecraft:shulker_shell":7,"minecraft:wheat":33,"minecraft:chainmail_boots":1,"minecraft:nether_brick_fence":3,"minecraft:smithing_table":4,"minecraft:potion":1,"minecraft:nether_brick":2,"minecraft:stone_brick_stairs":1,"minecraft:brewing_stand":1,"minecraft:string":5,"minecraft:gold_nugget":27,"minecraft:cobbled_deepslate":1396,"minecraft:spruce_planks":37,"minecraft:ender_eye":2,"minecraft:furnace":6,"minecraft:stick":71,"minecraft:torch":49,"minecraft:purpur_pillar":3,"minecraft:porkchop":3,"minecraft:pointed_dripstone":10,"minecraft:diorite":14,"minecraft:goat_horn":1,"minecraft:stone_sword":1,"minecraft:rotten_flesh":134,"minecraft:end_rod":1,"minecraft:blaze_rod":5,"minecraft:obsidian":22,"minecraft:iron_bars":5,"minecraft:cobblestone":465,"minecraft:birch_log":3,"minecraft:iron_door":8,"minecraft:water_bucket":2,"minecraft:andesite":54,"minecraft:black_bed":1,"minecraft:potato":1,"minecraft:flint":6,"minecraft:tuff":88,"minecraft:acacia_boat":2,"minecraft:dirt":220,"minecraft:bone":25,"minecraft:wheat_seeds":116,"minecraft:raw_gold":10,"minecraft:grindstone":4,"minecraft:mossy_stone_bricks":5,"minecraft:glowstone_dust":4,"minecraft:oak_planks":9,"minecraft:ghast_tear":3,"minecraft:cooked_porkchop":3,"minecraft:jungle_planks":7,"minecraft:sand":14,"minecraft:ink_sac":1,"minecraft:spectral_arrow":9,"minecraft:dark_oak_log":6,"minecraft:mossy_cobblestone":7,"minecraft:deepslate":6,"minecraft:diamond":40,"minecraft:spruce_boat":1,"minecraft:crossbow":1,"minecraft:granite":108,"minecraft:bone_meal":5,"minecraft:bread":49,"minecraft:emerald":24,"minecraft:oak_sapling":2,"minecraft:netherrack":75,"minecraft:chorus_fruit":68,"minecraft:dark_oak_fence":8,"minecraft:crimson_roots":2,"minecraft:diamond_pickaxe":1,"minecraft:crafting_table":10,"minecraft:chicken":2,"minecraft:nether_wart":1,"minecraft:brown_mushroom":1,"minecraft:purpur_block":1,"minecraft:elytra":1,"minecraft:item_frame":1,"minecraft:blackstone":5,"minecraft:cracked_stone_bricks":2,"minecraft:beef":21,"minecraft:poppy":3,"minecraft:spruce_slab":42,"minecraft:light_gray_wool":1,"minecraft:birch_sapling":1,"minecraft:egg":2,"minecraft:raw_iron":97,"minecraft:end_stone":237,"minecraft:redstone":16,"minecraft:weeping_vines":3,"minecraft:arrow":25,"minecraft:nether_bricks":3,"minecraft:hay_block":4,"minecraft:mutton":9,"minecraft:white_wool":7,"minecraft:leather":6,"minecraft:oak_log":11,"minecraft:golden_boots":3,"minecraft:nether_wart_block":2,"minecraft:gunpowder":21,"minecraft:stone_bricks":5,"minecraft:warped_stem":2,"minecraft:iron_ingot":6,"minecraft:soul_sand":1,"minecraft:pumpkin":2,"minecraft:sweet_berries":13,"minecraft:quartz":7,"minecraft:dandelion":6,"minecraft:dripstone_block":6,"minecraft:gravel":38,"minecraft:spruce_sapling":90,"minecraft:blast_furnace":3,"minecraft:spruce_log":547,"minecraft:crying_obsidian":5,"minecraft:dragon_egg":1,"minecraft:spider_eye":1,"minecraft:leather_helmet":1,"minecraft:purple_bed":5,"minecraft:chainmail_leggings":7,"minecraft:warped_roots":6,"minecraft:warped_nylium":9,"minecraft:coal":335,"minecraft:ender_pearl":27},"minecraft:mined":{"minecraft:spruce_planks":10,"minecraft:farmland":1,"minecraft:brewing_stand":1,"minecraft:obsidian":1,"minecraft:granite":57,"minecraft:grass_block":82,"minecraft:spawner":2,"minecraft:weeping_vines_plant":1,"minecraft:tall_seagrass":2,"minecraft:glowstone":1,"minecraft:iron_ore":38,"minecraft:cobbled_deepslate":83,"minecraft:fire":29,"minecraft:pumpkin":2,"minecraft:pointed_dripstone":1,"minecraft:dirt_path":19,"minecraft:iron_bars":1,"minecraft:spruce_slab":51,"minecraft:deepslate_redstone_ore":2,"minecraft:brown_mushroom":1,"minecraft:blackstone":3,"minecraft:crimson_nylium":1,"minecraft:soul_fire":1,"minecraft:torch":17,"minecraft:blast_furnace":3,"minecraft:poppy":3,"minecraft:nether_quartz_ore":7,"minecraft:cobblestone":120,"minecraft:grindstone":4,"minecraft:oak_planks":10,"minecraft:iron_door":8,"minecraft:wall_torch":28,"minecraft:warped_nylium":2,"minecraft:nether_wart_block":3,"minecraft:wheat":35,"minecraft:black_bed":1,"minecraft:oak_log":11,"minecraft:sand":11,"minecraft:dirt":22,"minecraft:netherrack":81,"minecraft:oak_leaves":3,"minecraft:deepslate":1949,"minecraft:nether_gold_ore":5,"minecraft:tuff":80,"minecraft:mossy_cobblestone":32,"minecraft:deepslate_diamond_ore":29,"minecraft:dark_oak_log":6,"minecraft:end_stone":231,"minecraft:dark_oak_fence":13,"minecraft:jungle_planks":7,"minecraft:crimson_roots":2,"minecraft:weeping_vines":1,"minecraft:spruce_leaves":225,"minecraft:large_fern":55,"minecraft:hay_block":4,"minecraft:spruce_sapling":12,"minecraft:furnace":6,"minecraft:andesite":38,"minecraft:deepslate_iron_ore":28,"minecraft:warped_stem":2,"minecraft:packed_ice":13,"minecraft:chorus_plant":11,"minecraft:stone":327,"minecraft:podzol":67,"minecraft:smithing_table":3,"minecraft:magenta_stained_glass":8,"minecraft:dandelion":6,"minecraft:crafting_table":11,"minecraft:short_grass":43,"minecraft:tall_grass":6,"minecraft:deepslate_coal_ore":1,"minecraft:deepslate_gold_ore":12,"minecraft:diorite":8,"minecraft:purple_bed":4,"minecraft:cobblestone_wall":1,"minecraft:ice":1,"minecraft:spruce_log":554,"minecraft:coal_ore":213,"minecraft:dripstone_block":2,"minecraft:gravel":24,"minecraft:cracked_stone_bricks":4,"minecraft:stone_bricks":4,"minecraft:mossy_stone_bricks":5,"minecraft:fern":58}},"DataVersion":3955}