{"stats":{"minecraft:picked_up":{"minecraft:oak_log":6,"minecraft:wheat_seeds":1},"minecraft:dropped":{"minecraft:wheat_seeds":1},"minecraft:custom":{"minecraft:jump":123,"minecraft:time_since_rest":4863,"minecraft:leave_game":1,"minecraft:crouch_one_cm":324,"minecraft:sprint_one_cm":10494,"minecraft:play_time":4863,"minecraft:time_since_death":4863,"minecraft:walk_one_cm":5607,"minecraft:sneak_time":45,"minecraft:total_world_time":4863,"minecraft:drop":1,"minecraft:fall_one_cm":2891,"minecraft:fly_one_cm":31732},"minecraft:mined":{"minecraft:short_grass":3,"minecraft:oak_log":6,"minecraft:oak_leaves":1}},"DataVersion":3955}