{"stats":{"minecraft:killed":{"minecraft:witch":1,"minecraft:spider":11,"minecraft:shulker":10,"minecraft:skeleton":46,"minecraft:chicken":1,"minecraft:piglin_brute":4,"minecraft:piglin":16,"minecraft:pig":1,"minecraft:zombie_villager":2,"minecraft:iron_golem":1,"minecraft:creeper":12,"minecraft:sheep":7,"minecraft:pillager":2,"minecraft:zombie":108,"minecraft:ghast":3,"minecraft:cow":11,"minecraft:blaze":14,"minecraft:drowned":2,"minecraft:hoglin":2,"minecraft:enderman":49},"minecraft:picked_up":{"minecraft:shulker_shell":7,"minecraft:wheat":380,"minecraft:chainmail_boots":1,"minecraft:nether_brick_fence":3,"minecraft:smithing_table":4,"minecraft:diamond_sword":1,"minecraft:potion":1,"minecraft:nether_brick":2,"minecraft:stone_brick_stairs":1,"minecraft:brewing_stand":1,"minecraft:polished_blackstone_brick_stairs":1,"minecraft:string":7,"minecraft:soul_soil":2,"minecraft:gold_nugget":180,"minecraft:cobbled_deepslate":1399,"minecraft:spruce_planks":113,"minecraft:ender_eye":2,"minecraft:furnace":6,"minecraft:stick":88,"minecraft:torch":50,"minecraft:purpur_pillar":3,"minecraft:porkchop":9,"minecraft:pointed_dripstone":10,"minecraft:diorite":14,"minecraft:golden_chestplate":1,"minecraft:goat_horn":1,"minecraft:stone_sword":1,"minecraft:rotten_flesh":154,"minecraft:end_rod":1,"minecraft:blaze_rod":5,"minecraft:obsidian":23,"minecraft:iron_bars":5,"minecraft:cobblestone":475,"minecraft:birch_log":3,"minecraft:iron_door":8,"minecraft:water_bucket":2,"minecraft:andesite":54,"minecraft:black_bed":1,"minecraft:potato":1,"minecraft:flint":6,"minecraft:tuff":88,"minecraft:acacia_boat":2,"minecraft:dirt":670,"minecraft:bone":54,"minecraft:bow":4,"minecraft:wheat_seeds":932,"minecraft:raw_gold":19,"minecraft:grindstone":4,"minecraft:mossy_stone_bricks":5,"minecraft:glowstone_dust":4,"minecraft:oak_planks":9,"minecraft:ghast_tear":3,"minecraft:cooked_porkchop":3,"minecraft:sand":19,"minecraft:jungle_planks":7,"minecraft:ink_sac":2,"minecraft:grass_block":1,"minecraft:spectral_arrow":9,"minecraft:dark_oak_log":6,"minecraft:mossy_cobblestone":7,"minecraft:diamond":48,"minecraft:deepslate":6,"minecraft:spruce_boat":1,"minecraft:crossbow":4,"minecraft:granite":108,"minecraft:bone_meal":24,"minecraft:emerald":24,"minecraft:bread":49,"minecraft:oak_sapling":2,"minecraft:netherrack":108,"minecraft:chorus_fruit":68,"minecraft:dark_oak_fence":8,"minecraft:crimson_roots":3,"minecraft:diamond_pickaxe":1,"minecraft:crafting_table":10,"minecraft:chicken":2,"minecraft:nether_wart":1,"minecraft:brown_mushroom":1,"minecraft:gold_block":3,"minecraft:purpur_block":1,"minecraft:elytra":1,"minecraft:item_frame":1,"minecraft:blackstone":5,"minecraft:cracked_stone_bricks":2,"minecraft:deepslate_diamond_ore":6,"minecraft:beef":21,"minecraft:light_gray_wool":1,"minecraft:poppy":3,"minecraft:spruce_slab":42,"minecraft:birch_sapling":1,"minecraft:egg":2,"minecraft:raw_iron":101,"minecraft:end_stone":237,"minecraft:redstone":16,"minecraft:weeping_vines":3,"minecraft:arrow":53,"minecraft:nether_bricks":3,"minecraft:hay_block":4,"minecraft:bone_block":67,"minecraft:mutton":9,"minecraft:white_wool":7,"minecraft:leather":7,"minecraft:red_mushroom":1,"minecraft:oak_log":14,"minecraft:golden_boots":4,"minecraft:nether_wart_block":2,"minecraft:gunpowder":21,"minecraft:stone_bricks":5,"minecraft:warped_stem":2,"minecraft:iron_ingot":6,"minecraft:soul_sand":2,"minecraft:pumpkin":2,"minecraft:sweet_berries":13,"minecraft:quartz":108,"minecraft:dandelion":6,"minecraft:dripstone_block":6,"minecraft:gravel":38,"minecraft:spruce_sapling":118,"minecraft:blast_furnace":3,"minecraft:spruce_log":623,"minecraft:crying_obsidian":5,"minecraft:dragon_egg":1,"minecraft:spider_eye":1,"minecraft:leather_helmet":1,"minecraft:purple_bed":5,"minecraft:chainmail_leggings":7,"minecraft:diamond_axe":1,"minecraft:warped_roots":6,"minecraft:warped_nylium":9,"minecraft:coal":335,"minecraft:ender_pearl":28},"minecraft:used":{"minecraft:iron_shovel":250,"minecraft:spruce_slab":78,"minecraft:poppy":3,"minecraft:chest":2,"minecraft:shield":55,"minecraft:iron_sword":244,"minecraft:rotten_flesh":13,"minecraft:iron_chestplate":1,"minecraft:mutton":9,"minecraft:tuff":48,"minecraft:weeping_vines":1,"minecraft:spruce_boat":2,"minecraft:lava_bucket":2,"minecraft:birch_sapling":1,"minecraft:quartz_block":12,"minecraft:warped_nylium":1,"minecraft:iron_helmet":1,"minecraft:stone_brick_stairs":1,"minecraft:stone_bricks":5,"minecraft:golden_sword":32,"minecraft:deepslate_diamond_ore":6,"minecraft:birch_trapdoor":1,"minecraft:bow":137,"minecraft:sweet_berries":13,"minecraft:oak_sapling":2,"minecraft:furnace":5,"minecraft:egg":2,"minecraft:mossy_stone_bricks":3,"minecraft:diorite":1,"minecraft:chorus_fruit":68,"minecraft:oak_planks":76,"minecraft:stone_pickaxe":384,"minecraft:ender_pearl":22,"minecraft:wooden_pickaxe":59,"minecraft:diamond_axe":369,"minecraft:sand":1,"minecraft:blast_furnace":4,"minecraft:crossbow":56,"minecraft:dripstone_block":2,"minecraft:black_bed":1,"minecraft:end_stone":237,"minecraft:pumpkin_seeds":8,"minecraft:crying_obsidian":3,"minecraft:bread":81,"minecraft:gravel":17,"minecraft:iron_door":2,"minecraft:golden_helmet":1,"minecraft:nether_wart_block":2,"minecraft:diamond_sword":1023,"minecraft:grindstone":4,"minecraft:smithing_table":3,"minecraft:andesite":20,"minecraft:oak_boat":2,"minecraft:air":1,"minecraft:bone_meal":87,"minecraft:oak_trapdoor":1,"minecraft:iron_bars":5,"minecraft:stone_sword":142,"minecraft:flint_and_steel":3,"minecraft:stone_shovel":262,"minecraft:spruce_planks":113,"minecraft:netherrack":17,"minecraft:brewing_stand":1,"minecraft:torch":341,"minecraft:dirt":534,"minecraft:iron_hoe":291,"minecraft:dark_oak_planks":12,"minecraft:iron_axe":500,"minecraft:iron_boots":1,"minecraft:light_gray_wool":1,"minecraft:golden_carrot":39,"minecraft:beef":18,"minecraft:goat_horn":4,"minecraft:cobbled_deepslate":522,"minecraft:pointed_dripstone":2,"minecraft:iron_leggings":1,"minecraft:wheat_seeds":921,"minecraft:acacia_boat":2,"minecraft:water_bucket":113,"minecraft:cracked_stone_bricks":1,"minecraft:crafting_table":16,"minecraft:white_bed":1,"minecraft:spruce_log":23,"minecraft:wooden_hoe":13,"minecraft:ender_eye":2,"minecraft:diamond_pickaxe":2546,"minecraft:apple":4,"minecraft:chicken":1,"minecraft:iron_pickaxe":750,"minecraft:suspicious_stew":1,"minecraft:spruce_sapling":60,"minecraft:stone_axe":207,"minecraft:cobblestone":109,"minecraft:potion":1,"minecraft:purple_bed":5,"minecraft:cooked_porkchop":47,"minecraft:bucket":116,"minecraft:dandelion":6},"minecraft:crafted":{"minecraft:smooth_stone":3,"minecraft:oak_planks":184,"minecraft:stone":3,"minecraft:quartz_block":12,"minecraft:diamond_helmet":1,"minecraft:diamond_leggings":1,"minecraft:iron_boots":1,"minecraft:chest":2,"minecraft:oak_button":2,"minecraft:golden_boots":1,"minecraft:emerald":145,"minecraft:cooked_porkchop":1,"minecraft:diamond_axe":1,"minecraft:crafting_table":6,"minecraft:spruce_planks":2143,"minecraft:wooden_pickaxe":1,"minecraft:iron_helmet":1,"minecraft:birch_planks":12,"minecraft:pumpkin_seeds":8,"minecraft:tnt":1,"minecraft:wooden_hoe":1,"minecraft:iron_chestplate":2,"minecraft:diamond_pickaxe":2,"minecraft:shield":1,"minecraft:stick":4108,"minecraft:iron_ingot":61,"minecraft:iron_pickaxe":3,"minecraft:stone_sword":1,"minecraft:gold_ingot":55,"minecraft:jungle_sign":3,"minecraft:golden_carrot":39,"minecraft:stone_shovel":2,"minecraft:furnace":3,"minecraft:blast_furnace":1,"minecraft:bone_meal":63,"minecraft:oak_trapdoor":2,"minecraft:iron_axe":2,"minecraft:iron_hoe":1,"minecraft:spruce_slab":78,"minecraft:stone_pickaxe":3,"minecraft:diamond_boots":1,"minecraft:spruce_boat":1,"minecraft:dark_oak_planks":24,"minecraft:golden_helmet":1,"minecraft:chainmail_leggings":1,"minecraft:wheat":36,"minecraft:crossbow":1,"minecraft:diamond_sword":1,"minecraft:bucket":1,"minecraft:stone_axe":2,"minecraft:air":0,"minecraft:bread":450,"minecraft:oak_boat":2,"minecraft:birch_trapdoor":2,"minecraft:iron_shovel":1,"minecraft:iron_leggings":1,"minecraft:white_bed":1,"minecraft:torch":196,"minecraft:diamond_chestplate":1},"minecraft:mined":{"minecraft:spruce_planks":89,"minecraft:farmland":1,"minecraft:brewing_stand":1,"minecraft:obsidian":2,"minecraft:granite":57,"minecraft:grass_block":375,"minecraft:cracked_polished_blackstone_bricks":6,"minecraft:spawner":2,"minecraft:polished_blackstone_bricks":4,"minecraft:weeping_vines_plant":1,"minecraft:tall_seagrass":2,"minecraft:glowstone":1,"minecraft:iron_ore":38,"minecraft:cobbled_deepslate":86,"minecraft:fire":30,"minecraft:pumpkin":2,"minecraft:pointed_dripstone":1,"minecraft:dirt_path":69,"minecraft:iron_bars":1,"minecraft:spruce_slab":51,"minecraft:deepslate_redstone_ore":2,"minecraft:brown_mushroom":1,"minecraft:blackstone":25,"minecraft:crimson_nylium":1,"minecraft:soul_fire":10,"minecraft:torch":17,"minecraft:blast_furnace":3,"minecraft:poppy":3,"minecraft:nether_quartz_ore":110,"minecraft:cobblestone":120,"minecraft:grindstone":4,"minecraft:oak_planks":10,"minecraft:iron_door":8,"minecraft:wall_torch":28,"minecraft:warped_nylium":2,"minecraft:nether_wart_block":3,"minecraft:wheat":390,"minecraft:black_bed":1,"minecraft:oak_log":11,"minecraft:sand":16,"minecraft:dirt":37,"minecraft:netherrack":123,"minecraft:oak_leaves":3,"minecraft:deepslate":1949,"minecraft:nether_gold_ore":44,"minecraft:tuff":80,"minecraft:mossy_cobblestone":32,"minecraft:deepslate_diamond_ore":35,"minecraft:dark_oak_log":6,"minecraft:end_stone":231,"minecraft:dark_oak_fence":13,"minecraft:jungle_planks":7,"minecraft:crimson_roots":3,"minecraft:weeping_vines":1,"minecraft:spruce_leaves":235,"minecraft:large_fern":55,"minecraft:hay_block":4,"minecraft:spruce_sapling":12,"minecraft:furnace":6,"minecraft:andesite":38,"minecraft:gold_block":3,"minecraft:deepslate_iron_ore":34,"minecraft:warped_stem":2,"minecraft:packed_ice":13,"minecraft:chorus_plant":11,"minecraft:stone":327,"minecraft:bone_block":68,"minecraft:podzol":67,"minecraft:smithing_table":3,"minecraft:magenta_stained_glass":8,"minecraft:dandelion":6,"minecraft:crafting_table":11,"minecraft:short_grass":44,"minecraft:tall_grass":6,"minecraft:deepslate_coal_ore":1,"minecraft:deepslate_gold_ore":19,"minecraft:polished_blackstone_brick_stairs":1,"minecraft:diorite":8,"minecraft:purple_bed":4,"minecraft:cobblestone_wall":1,"minecraft:ice":1,"minecraft:spruce_log":630,"minecraft:coal_ore":213,"minecraft:gravel":24,"minecraft:dripstone_block":2,"minecraft:cracked_stone_bricks":4,"minecraft:stone_bricks":4,"minecraft:mossy_stone_bricks":5,"minecraft:fern":58},"minecraft:broken":{"minecraft:golden_helmet":1,"minecraft:iron_shovel":1,"minecraft:golden_boots":3,"minecraft:iron_boots":1,"minecraft:iron_chestplate":2,"minecraft:iron_leggings":1,"minecraft:chainmail_boots":1,"minecraft:stone_pickaxe":3,"minecraft:chainmail_chestplate":1,"minecraft:golden_sword":1,"minecraft:diamond_pickaxe":1,"minecraft:stone_axe":2,"minecraft:crossbow":1,"minecraft:stone_shovel":2,"minecraft:golden_chestplate":1,"minecraft:iron_hoe":1,"minecraft:leather_helmet":1,"minecraft:chainmail_leggings":1,"minecraft:stone_sword":1,"minecraft:wooden_pickaxe":1,"minecraft:shield":1,"minecraft:iron_axe":2,"minecraft:iron_pickaxe":3,"minecraft:iron_helmet":1},"minecraft:killed_by":{"minecraft:wither_skeleton":1,"minecraft:piglin_brute":2,"minecraft:creeper":2,"minecraft:drowned":1,"minecraft:blaze":7,"minecraft:zombie":3,"minecraft:player":51,"minecraft:spider":1,"minecraft:enderman":18,"minecraft:ender_dragon":5,"minecraft:shulker":2,"minecraft:skeleton":2},"minecraft:dropped":{"minecraft:warped_stem":2,"minecraft:soul_sand":2,"minecraft:porkchop":3,"minecraft:birch_planks":2,"minecraft:diamond_axe":1,"minecraft:glass_bottle":1,"minecraft:ender_pearl":8,"minecraft:cooked_porkchop":2,"minecraft:crossbow":2,"minecraft:weeping_vines":2,"minecraft:warped_roots":6,"minecraft:black_bed":1,"minecraft:leather":6,"minecraft:jungle_planks":1,"minecraft:red_mushroom":1,"minecraft:flint":6,"minecraft:emerald":40,"minecraft:dirt":98,"minecraft:dark_oak_fence":8,"minecraft:polished_blackstone_brick_stairs":1,"minecraft:crimson_roots":3,"minecraft:gold_nugget":1,"minecraft:jungle_sign":3,"minecraft:sand":14,"minecraft:dark_oak_planks":10,"minecraft:white_wool":4,"minecraft:gold_ingot":4,"minecraft:bone":2,"minecraft:gravel":19,"minecraft:golden_chestplate":1,"minecraft:cobbled_deepslate":481,"minecraft:nether_brick":1,"minecraft:wheat":2,"minecraft:pointed_dripstone":8,"minecraft:rotten_flesh":121,"minecraft:oak_planks":3,"minecraft:nether_brick_fence":3,"minecraft:gunpowder":2,"minecraft:birch_trapdoor":1,"minecraft:arrow":3,"minecraft:crying_obsidian":2,"minecraft:quartz":53,"minecraft:netherrack":91,"minecraft:golden_boots":2,"minecraft:water_bucket":2,"minecraft:bread":355,"minecraft:wheat_seeds":78,"minecraft:tnt":1,"minecraft:mossy_cobblestone":7,"minecraft:dripstone_block":4,"minecraft:cobblestone":113,"minecraft:spectral_arrow":9,"minecraft:granite":8,"minecraft:grass_block":1,"minecraft:stick":1,"minecraft:ink_sac":2,"minecraft:iron_door":6,"minecraft:chainmail_leggings":5,"minecraft:string":5,"minecraft:spruce_sapling":54,"minecraft:redstone":16,"minecraft:soul_soil":2,"minecraft:warped_nylium":8,"minecraft:stone_sword":1,"minecraft:nether_wart":1,"minecraft:blaze_rod":5,"minecraft:bowl":1,"minecraft:deepslate":6,"minecraft:tuff":40,"minecraft:chicken":1,"minecraft:diamond_sword":1,"minecraft:potato":1,"minecraft:oak_button":2,"minecraft:spruce_planks":23,"minecraft:diamond_pickaxe":1,"minecraft:iron_chestplate":1,"minecraft:andesite":6,"minecraft:spider_eye":1,"minecraft:bow":3,"minecraft:raw_gold":1},"minecraft:custom":{"minecraft:interact_with_crafting_table":80,"minecraft:open_shulker_box":1,"minecraft:leave_game":9,"minecraft:time_since_death":1475,"minecraft:sprint_one_cm":2593365,"minecraft:damage_blocked_by_shield":2411,"minecraft:drop":329,"minecraft:talked_to_villager":66,"minecraft:play_time":917316,"minecraft:deaths":123,"minecraft:jump":19741,"minecraft:walk_on_water_one_cm":103219,"minecraft:enchant_item":7,"minecraft:interact_with_furnace":50,"minecraft:traded_with_villager":210,"minecraft:sleep_in_bed":13,"minecraft:damage_dealt":68340,"minecraft:player_kills":37,"minecraft:crouch_one_cm":59807,"minecraft:interact_with_smithing_table":2,"minecraft:interact_with_anvil":1,"minecraft:mob_kills":308,"minecraft:climb_one_cm":5815,"minecraft:walk_one_cm":2371151,"minecraft:sneak_time":20754,"minecraft:walk_under_water_one_cm":468225,"minecraft:boat_one_cm":1583,"minecraft:interact_with_blast_furnace":10,"minecraft:total_world_time":917316,"minecraft:interact_with_grindstone":4,"minecraft:time_since_rest":1519,"minecraft:damage_taken":50060,"minecraft:swim_one_cm":27302,"minecraft:fly_one_cm":3596834,"minecraft:open_chest":139,"minecraft:aviate_one_cm":38952,"minecraft:fall_one_cm":528955}},"DataVersion":3955}