{"stats":{"minecraft:crafted":{"minecraft:smooth_stone":3,"minecraft:oak_planks":172,"minecraft:stone":3,"minecraft:diamond_helmet":1,"minecraft:diamond_leggings":1,"minecraft:iron_boots":1,"minecraft:chest":2,"minecraft:golden_boots":1,"minecraft:cooked_porkchop":1,"minecraft:emerald":93,"minecraft:crafting_table":5,"minecraft:spruce_planks":1252,"minecraft:wooden_pickaxe":1,"minecraft:iron_helmet":1,"minecraft:pumpkin_seeds":8,"minecraft:iron_chestplate":2,"minecraft:diamond_pickaxe":1,"minecraft:shield":1,"minecraft:stick":2412,"minecraft:iron_pickaxe":2,"minecraft:iron_ingot":59,"minecraft:stone_sword":1,"minecraft:gold_ingot":12,"minecraft:furnace":3,"minecraft:blast_furnace":1,"minecraft:bone_meal":33,"minecraft:oak_trapdoor":2,"minecraft:iron_axe":2,"minecraft:spruce_slab":78,"minecraft:iron_hoe":1,"minecraft:stone_pickaxe":3,"minecraft:diamond_boots":1,"minecraft:spruce_boat":1,"minecraft:dark_oak_planks":24,"minecraft:golden_helmet":1,"minecraft:chainmail_leggings":1,"minecraft:wheat":36,"minecraft:diamond_sword":1,"minecraft:bucket":1,"minecraft:stone_axe":2,"minecraft:bread":264,"minecraft:air":0,"minecraft:oak_boat":2,"minecraft:iron_shovel":1,"minecraft:iron_leggings":1,"minecraft:white_bed":1,"minecraft:torch":124,"minecraft:diamond_chestplate":1},"minecraft:used":{"minecraft:iron_shovel":186,"minecraft:spruce_slab":72,"minecraft:poppy":3,"minecraft:chest":2,"minecraft:shield":55,"minecraft:iron_sword":189,"minecraft:rotten_flesh":7,"minecraft:iron_chestplate":1,"minecraft:mutton":9,"minecraft:tuff":48,"minecraft:weeping_vines":1,"minecraft:spruce_boat":1,"minecraft:birch_sapling":1,"minecraft:warped_nylium":1,"minecraft:iron_helmet":1,"minecraft:stone_brick_stairs":1,"minecraft:stone_bricks":5,"minecraft:golden_sword":32,"minecraft:bow":137,"minecraft:sweet_berries":13,"minecraft:furnace":5,"minecraft:oak_sapling":2,"minecraft:egg":2,"minecraft:mossy_stone_bricks":3,"minecraft:diorite":1,"minecraft:chorus_fruit":68,"minecraft:stone_pickaxe":384,"minecraft:oak_planks":68,"minecraft:ender_pearl":22,"minecraft:wooden_pickaxe":59,"minecraft:blast_furnace":4,"minecraft:dripstone_block":2,"minecraft:black_bed":1,"minecraft:end_stone":237,"minecraft:pumpkin_seeds":8,"minecraft:crying_obsidian":3,"minecraft:bread":6,"minecraft:iron_door":2,"minecraft:gravel":17,"minecraft:golden_helmet":1,"minecraft:nether_wart_block":2,"minecraft:diamond_sword":759,"minecraft:grindstone":3,"minecraft:smithing_table":3,"minecraft:andesite":20,"minecraft:oak_boat":2,"minecraft:bone_meal":25,"minecraft:oak_trapdoor":1,"minecraft:iron_bars":5,"minecraft:stone_sword":142,"minecraft:flint_and_steel":3,"minecraft:spruce_planks":25,"minecraft:torch":258,"minecraft:dirt":122,"minecraft:iron_hoe":78,"minecraft:dark_oak_planks":12,"minecraft:iron_axe":366,"minecraft:iron_boots":1,"minecraft:light_gray_wool":1,"minecraft:beef":18,"minecraft:goat_horn":4,"minecraft:cobbled_deepslate":315,"minecraft:iron_leggings":1,"minecraft:pointed_dripstone":2,"minecraft:wheat_seeds":49,"minecraft:acacia_boat":2,"minecraft:water_bucket":37,"minecraft:cracked_stone_bricks":1,"minecraft:crafting_table":15,"minecraft:white_bed":1,"minecraft:spruce_log":9,"minecraft:ender_eye":2,"minecraft:diamond_pickaxe":1265,"minecraft:apple":4,"minecraft:chicken":1,"minecraft:iron_pickaxe":500,"minecraft:spruce_sapling":51,"minecraft:stone_axe":207,"minecraft:cobblestone":105,"minecraft:potion":1,"minecraft:purple_bed":5,"minecraft:cooked_porkchop":47,"minecraft:bucket":38,"minecraft:dandelion":6},"minecraft:custom":{"minecraft:interact_with_crafting_table":60,"minecraft:leave_game":6,"minecraft:time_since_death":222,"minecraft:sprint_one_cm":1974662,"minecraft:damage_blocked_by_shield":2411,"minecraft:drop":244,"minecraft:talked_to_villager":45,"minecraft:play_time":591149,"minecraft:deaths":90,"minecraft:jump":13535,"minecraft:walk_on_water_one_cm":41107,"minecraft:interact_with_furnace":43,"minecraft:traded_with_villager":135,"minecraft:sleep_in_bed":9,"minecraft:damage_dealt":48063,"minecraft:player_kills":27,"minecraft:crouch_one_cm":33603,"minecraft:interact_with_smithing_table":2,"minecraft:mob_kills":157,"minecraft:climb_one_cm":5787,"minecraft:walk_one_cm":1507793,"minecraft:sneak_time":12508,"minecraft:walk_under_water_one_cm":27888,"minecraft:boat_one_cm":1583,"minecraft:interact_with_blast_furnace":8,"minecraft:total_world_time":591149,"minecraft:time_since_rest":247,"minecraft:damage_taken":32368,"minecraft:swim_one_cm":22860,"minecraft:fly_one_cm":2774402,"minecraft:open_chest":74,"minecraft:aviate_one_cm":38952,"minecraft:fall_one_cm":352009},"minecraft:broken":{"minecraft:golden_helmet":1,"minecraft:golden_boots":1,"minecraft:iron_boots":1,"minecraft:iron_chestplate":2,"minecraft:iron_leggings":1,"minecraft:stone_pickaxe":3,"minecraft:golden_sword":1,"minecraft:stone_axe":2,"minecraft:stone_sword":1,"minecraft:wooden_pickaxe":1,"minecraft:shield":1,"minecraft:iron_axe":1,"minecraft:iron_pickaxe":2,"minecraft:iron_helmet":1},"minecraft:dropped":{"minecraft:warped_stem":2,"minecraft:glass_bottle":1,"minecraft:ender_pearl":8,"minecraft:cooked_porkchop":2,"minecraft:weeping_vines":2,"minecraft:warped_roots":6,"minecraft:leather":6,"minecraft:flint":2,"minecraft:dirt":81,"minecraft:dark_oak_fence":8,"minecraft:crimson_roots":2,"minecraft:sand":14,"minecraft:dark_oak_planks":10,"minecraft:white_wool":4,"minecraft:gold_ingot":4,"minecraft:bone":2,"minecraft:gravel":17,"minecraft:golden_chestplate":1,"minecraft:cobbled_deepslate":132,"minecraft:nether_brick":1,"minecraft:pointed_dripstone":8,"minecraft:rotten_flesh":6,"minecraft:oak_planks":1,"minecraft:nether_brick_fence":3,"minecraft:gunpowder":2,"minecraft:arrow":3,"minecraft:crying_obsidian":2,"minecraft:netherrack":75,"minecraft:golden_boots":1,"minecraft:bread":258,"minecraft:wheat_seeds":10,"minecraft:dripstone_block":4,"minecraft:cobblestone":16,"minecraft:spectral_arrow":9,"minecraft:granite":8,"minecraft:stick":1,"minecraft:ink_sac":1,"minecraft:iron_door":6,"minecraft:chainmail_leggings":4,"minecraft:redstone":9,"minecraft:warped_nylium":8,"minecraft:blaze_rod":5,"minecraft:nether_wart":1,"minecraft:stone_sword":1,"minecraft:tuff":7,"minecraft:iron_chestplate":1,"minecraft:andesite":6,"minecraft:spider_eye":1,"minecraft:raw_gold":1},"minecraft:killed_by":{"minecraft:wither_skeleton":1,"minecraft:creeper":1,"minecraft:blaze":7,"minecraft:zombie":2,"minecraft:player":38,"minecraft:spider":1,"minecraft:enderman":17,"minecraft:ender_dragon":5,"minecraft:shulker":2,"minecraft:skeleton":1},"minecraft:killed":{"minecraft:witch":1,"minecraft:spider":7,"minecraft:shulker":10,"minecraft:skeleton":14,"minecraft:chicken":1,"minecraft:piglin":4,"minecraft:pig":1,"minecraft:zombie_villager":2,"minecraft:iron_golem":1,"minecraft:creeper":10,"minecraft:sheep":7,"minecraft:pillager":1,"minecraft:zombie":18,"minecraft:ghast":1,"minecraft:cow":11,"minecraft:blaze":14,"minecraft:drowned":1,"minecraft:hoglin":1,"minecraft:enderman":49},"minecraft:picked_up":{"minecraft:shulker_shell":7,"minecraft:wheat":14,"minecraft:nether_brick_fence":3,"minecraft:smithing_table":4,"minecraft:potion":1,"minecraft:nether_brick":2,"minecraft:stone_brick_stairs":1,"minecraft:string":5,"minecraft:gold_nugget":27,"minecraft:cobbled_deepslate":845,"minecraft:spruce_planks":37,"minecraft:ender_eye":2,"minecraft:furnace":6,"minecraft:stick":41,"minecraft:torch":36,"minecraft:purpur_pillar":3,"minecraft:porkchop":3,"minecraft:pointed_dripstone":10,"minecraft:diorite":14,"minecraft:goat_horn":1,"minecraft:stone_sword":1,"minecraft:rotten_flesh":18,"minecraft:end_rod":1,"minecraft:blaze_rod":5,"minecraft:iron_bars":5,"minecraft:cobblestone":373,"minecraft:birch_log":3,"minecraft:iron_door":8,"minecraft:andesite":54,"minecraft:flint":2,"minecraft:tuff":55,"minecraft:acacia_boat":2,"minecraft:dirt":216,"minecraft:bone":15,"minecraft:wheat_seeds":59,"minecraft:raw_gold":10,"minecraft:grindstone":4,"minecraft:mossy_stone_bricks":5,"minecraft:glowstone_dust":4,"minecraft:oak_planks":9,"minecraft:ghast_tear":1,"minecraft:cooked_porkchop":3,"minecraft:sand":14,"minecraft:ink_sac":1,"minecraft:spectral_arrow":9,"minecraft:dark_oak_log":6,"minecraft:diamond":33,"minecraft:spruce_boat":1,"minecraft:granite":108,"minecraft:bone_meal":3,"minecraft:oak_sapling":2,"minecraft:netherrack":75,"minecraft:chorus_fruit":68,"minecraft:dark_oak_fence":8,"minecraft:crimson_roots":2,"minecraft:crafting_table":10,"minecraft:chicken":1,"minecraft:nether_wart":1,"minecraft:brown_mushroom":1,"minecraft:purpur_block":1,"minecraft:elytra":1,"minecraft:item_frame":1,"minecraft:blackstone":5,"minecraft:cracked_stone_bricks":2,"minecraft:beef":21,"minecraft:poppy":3,"minecraft:spruce_slab":2,"minecraft:light_gray_wool":1,"minecraft:birch_sapling":1,"minecraft:egg":2,"minecraft:raw_iron":97,"minecraft:end_stone":237,"minecraft:redstone":16,"minecraft:weeping_vines":3,"minecraft:arrow":22,"minecraft:nether_bricks":3,"minecraft:hay_block":4,"minecraft:mutton":9,"minecraft:white_wool":7,"minecraft:leather":6,"minecraft:oak_log":11,"minecraft:golden_boots":1,"minecraft:nether_wart_block":2,"minecraft:gunpowder":14,"minecraft:stone_bricks":5,"minecraft:warped_stem":2,"minecraft:iron_ingot":6,"minecraft:pumpkin":2,"minecraft:sweet_berries":13,"minecraft:quartz":7,"minecraft:dandelion":6,"minecraft:dripstone_block":6,"minecraft:gravel":36,"minecraft:spruce_sapling":41,"minecraft:blast_furnace":3,"minecraft:spruce_log":322,"minecraft:crying_obsidian":5,"minecraft:dragon_egg":1,"minecraft:spider_eye":1,"minecraft:purple_bed":5,"minecraft:chainmail_leggings":7,"minecraft:warped_roots":6,"minecraft:warped_nylium":9,"minecraft:coal":301,"minecraft:ender_pearl":27},"minecraft:mined":{"minecraft:spruce_planks":10,"minecraft:farmland":1,"minecraft:granite":57,"minecraft:grass_block":81,"minecraft:spawner":2,"minecraft:weeping_vines_plant":1,"minecraft:tall_seagrass":2,"minecraft:glowstone":1,"minecraft:iron_ore":38,"minecraft:cobbled_deepslate":25,"minecraft:fire":29,"minecraft:pumpkin":2,"minecraft:pointed_dripstone":1,"minecraft:dirt_path":19,"minecraft:iron_bars":1,"minecraft:spruce_slab":1,"minecraft:deepslate_redstone_ore":2,"minecraft:blackstone":3,"minecraft:crimson_nylium":1,"minecraft:torch":13,"minecraft:blast_furnace":3,"minecraft:poppy":3,"minecraft:nether_quartz_ore":7,"minecraft:cobblestone":7,"minecraft:grindstone":4,"minecraft:oak_planks":10,"minecraft:iron_door":8,"minecraft:wall_torch":20,"minecraft:warped_nylium":2,"minecraft:nether_wart_block":3,"minecraft:wheat":15,"minecraft:oak_log":11,"minecraft:sand":11,"minecraft:dirt":22,"minecraft:netherrack":81,"minecraft:oak_leaves":2,"minecraft:deepslate":1014,"minecraft:nether_gold_ore":5,"minecraft:tuff":56,"minecraft:deepslate_diamond_ore":23,"minecraft:dark_oak_log":6,"minecraft:end_stone":231,"minecraft:dark_oak_fence":13,"minecraft:crimson_roots":2,"minecraft:weeping_vines":1,"minecraft:spruce_leaves":182,"minecraft:large_fern":55,"minecraft:hay_block":4,"minecraft:furnace":6,"minecraft:andesite":38,"minecraft:deepslate_iron_ore":27,"minecraft:warped_stem":2,"minecraft:packed_ice":13,"minecraft:chorus_plant":11,"minecraft:stone":322,"minecraft:podzol":67,"minecraft:smithing_table":3,"minecraft:magenta_stained_glass":8,"minecraft:dandelion":6,"minecraft:crafting_table":11,"minecraft:short_grass":43,"minecraft:tall_grass":6,"minecraft:deepslate_coal_ore":1,"minecraft:deepslate_gold_ore":10,"minecraft:diorite":8,"minecraft:purple_bed":4,"minecraft:ice":1,"minecraft:spruce_log":326,"minecraft:coal_ore":179,"minecraft:dripstone_block":2,"minecraft:gravel":24,"minecraft:cracked_stone_bricks":4,"minecraft:stone_bricks":4,"minecraft:mossy_stone_bricks":5,"minecraft:fern":57}},"DataVersion":3955}