{"stats":{"minecraft:picked_up":{"minecraft:crafting_table":3,"minecraft:chicken":1,"minecraft:leather":1,"minecraft:oak_log":11,"minecraft:dirt":12,"minecraft:bone":1,"minecraft:wheat_seeds":5,"minecraft:cobbled_deepslate":7,"minecraft:spruce_planks":3,"minecraft:beef":4,"minecraft:poppy":1,"minecraft:egg":2,"minecraft:stick":5,"minecraft:raw_iron":11,"minecraft:torch":1,"minecraft:dripstone_block":2,"minecraft:spruce_sapling":2,"minecraft:pointed_dripstone":3,"minecraft:diorite":1,"minecraft:spruce_log":18,"minecraft:arrow":1,"minecraft:diamond":1,"minecraft:oak_sapling":2,"minecraft:mutton":1,"minecraft:coal":8,"minecraft:white_wool":1,"minecraft:cobblestone":8},"minecraft:used":{"minecraft:diorite":1,"minecraft:stone_pickaxe":20,"minecraft:poppy":1,"minecraft:spruce_planks":3,"minecraft:wooden_pickaxe":27,"minecraft:torch":25,"minecraft:dirt":12,"minecraft:mutton":1,"minecraft:crafting_table":3,"minecraft:dripstone_block":2,"minecraft:chicken":1,"minecraft:iron_pickaxe":1,"minecraft:spruce_sapling":1,"minecraft:stone_axe":17,"minecraft:beef":4,"minecraft:oak_sapling":2,"minecraft:furnace":1,"minecraft:egg":2},"minecraft:dropped":{"minecraft:wheat_seeds":5,"minecraft:pointed_dripstone":3,"minecraft:stick":1},"minecraft:custom":{"minecraft:interact_with_furnace":6,"minecraft:mob_kills":5,"minecraft:interact_with_crafting_table":6,"minecraft:leave_game":1,"minecraft:time_since_death":16905,"minecraft:time_since_rest":16938,"minecraft:sprint_one_cm":84669,"minecraft:damage_taken":730,"minecraft:walk_one_cm":81642,"minecraft:drop":9,"minecraft:damage_dealt":955,"minecraft:fly_one_cm":221405,"minecraft:player_kills":1,"minecraft:crouch_one_cm":1214,"minecraft:play_time":36895,"minecraft:deaths":2,"minecraft:sneak_time":851,"minecraft:walk_under_water_one_cm":527,"minecraft:jump":1082,"minecraft:walk_on_water_one_cm":340,"minecraft:total_world_time":36895,"minecraft:fall_one_cm":36619},"minecraft:mined":{"minecraft:spruce_planks":3,"minecraft:deepslate_diamond_ore":1,"minecraft:crafting_table":3,"minecraft:torch":1,"minecraft:short_grass":30,"minecraft:grass_block":11,"minecraft:poppy":1,"minecraft:tall_grass":6,"minecraft:spruce_leaves":6,"minecraft:iron_ore":4,"minecraft:ice":1,"minecraft:spruce_log":19,"minecraft:oak_log":11,"minecraft:coal_ore":8,"minecraft:deepslate_iron_ore":7,"minecraft:gravel":1,"minecraft:dripstone_block":2,"minecraft:dirt":11,"minecraft:packed_ice":13,"minecraft:stone":6,"minecraft:oak_leaves":2,"minecraft:deepslate":7},"minecraft:killed":{"minecraft:skeleton":1,"minecraft:sheep":1,"minecraft:chicken":1,"minecraft:cow":2},"minecraft:killed_by":{"minecraft:player":1},"minecraft:crafted":{"minecraft:oak_planks":44,"minecraft:crafting_table":1,"minecraft:spruce_planks":44,"minecraft:wooden_pickaxe":1,"minecraft:furnace":1,"minecraft:stone_axe":1,"minecraft:air":0,"minecraft:shield":1,"minecraft:stick":12,"minecraft:iron_ingot":9,"minecraft:iron_pickaxe":1,"minecraft:stone_pickaxe":1,"minecraft:torch":24}},"DataVersion":3955}