{"stats":{"minecraft:picked_up":{"minecraft:crafting_table":7,"minecraft:chicken":1,"minecraft:nether_wart":1,"minecraft:nether_brick_fence":3,"minecraft:blackstone":5,"minecraft:gold_nugget":27,"minecraft:cobbled_deepslate":273,"minecraft:spruce_planks":30,"minecraft:beef":4,"minecraft:poppy":1,"minecraft:egg":2,"minecraft:furnace":2,"minecraft:raw_iron":19,"minecraft:stick":5,"minecraft:torch":5,"minecraft:porkchop":3,"minecraft:pointed_dripstone":10,"minecraft:diorite":1,"minecraft:stone_sword":1,"minecraft:arrow":3,"minecraft:weeping_vines":3,"minecraft:nether_bricks":3,"minecraft:blaze_rod":5,"minecraft:mutton":1,"minecraft:cobblestone":9,"minecraft:white_wool":1,"minecraft:leather":3,"minecraft:tuff":7,"minecraft:oak_log":11,"minecraft:golden_boots":1,"minecraft:nether_wart_block":2,"minecraft:gunpowder":4,"minecraft:dirt":12,"minecraft:bone":2,"minecraft:wheat_seeds":5,"minecraft:raw_gold":10,"minecraft:warped_stem":2,"minecraft:iron_ingot":1,"minecraft:glowstone_dust":4,"minecraft:oak_planks":1,"minecraft:ghast_tear":1,"minecraft:cooked_porkchop":3,"minecraft:quartz":7,"minecraft:gravel":13,"minecraft:dripstone_block":6,"minecraft:spruce_sapling":2,"minecraft:spruce_log":18,"minecraft:crying_obsidian":5,"minecraft:spectral_arrow":9,"minecraft:diamond":1,"minecraft:warped_roots":6,"minecraft:warped_nylium":9,"minecraft:coal":8,"minecraft:oak_sapling":2,"minecraft:netherrack":75,"minecraft:crimson_roots":2,"minecraft:ender_pearl":8},"minecraft:used":{"minecraft:stone_sword":142,"minecraft:flint_and_steel":3,"minecraft:poppy":1,"minecraft:spruce_planks":3,"minecraft:shield":35,"minecraft:iron_chestplate":1,"minecraft:torch":58,"minecraft:dirt":12,"minecraft:mutton":1,"minecraft:weeping_vines":1,"minecraft:warped_nylium":1,"minecraft:iron_boots":1,"minecraft:golden_sword":32,"minecraft:beef":4,"minecraft:furnace":3,"minecraft:oak_sapling":2,"minecraft:egg":2,"minecraft:cobbled_deepslate":153,"minecraft:pointed_dripstone":2,"minecraft:diorite":1,"minecraft:stone_pickaxe":137,"minecraft:oak_planks":3,"minecraft:wooden_pickaxe":59,"minecraft:crafting_table":7,"minecraft:dripstone_block":2,"minecraft:crying_obsidian":3,"minecraft:chicken":1,"minecraft:iron_pickaxe":250,"minecraft:spruce_sapling":1,"minecraft:golden_helmet":1,"minecraft:stone_axe":80,"minecraft:nether_wart_block":2,"minecraft:diamond_sword":112,"minecraft:cobblestone":1,"minecraft:cooked_porkchop":1},"minecraft:dropped":{"minecraft:golden_boots":1,"minecraft:warped_stem":2,"minecraft:wheat_seeds":5,"minecraft:ender_pearl":8,"minecraft:dripstone_block":4,"minecraft:cooked_porkchop":2,"minecraft:weeping_vines":2,"minecraft:warped_roots":6,"minecraft:spectral_arrow":9,"minecraft:stick":1,"minecraft:crimson_roots":2,"minecraft:white_wool":1,"minecraft:gold_ingot":4,"minecraft:bone":2,"minecraft:warped_nylium":7,"minecraft:blaze_rod":5,"minecraft:nether_wart":1,"minecraft:golden_chestplate":1,"minecraft:stone_sword":1,"minecraft:tuff":7,"minecraft:pointed_dripstone":8,"minecraft:nether_brick_fence":3,"minecraft:gunpowder":2,"minecraft:raw_gold":1},"minecraft:broken":{"minecraft:golden_helmet":1,"minecraft:stone_sword":1,"minecraft:wooden_pickaxe":1,"minecraft:stone_pickaxe":1,"minecraft:golden_sword":1,"minecraft:stone_axe":1,"minecraft:iron_pickaxe":1},"minecraft:custom":{"minecraft:mob_kills":49,"minecraft:interact_with_crafting_table":17,"minecraft:leave_game":2,"minecraft:time_since_death":2633,"minecraft:climb_one_cm":1077,"minecraft:sprint_one_cm":450789,"minecraft:walk_one_cm":418141,"minecraft:damage_blocked_by_shield":1600,"minecraft:drop":76,"minecraft:play_time":150861,"minecraft:deaths":15,"minecraft:sneak_time":2277,"minecraft:walk_under_water_one_cm":1391,"minecraft:jump":3522,"minecraft:walk_on_water_one_cm":6709,"minecraft:total_world_time":150861,"minecraft:interact_with_furnace":17,"minecraft:time_since_rest":2683,"minecraft:damage_taken":5424,"minecraft:damage_dealt":14074,"minecraft:swim_one_cm":7276,"minecraft:fly_one_cm":531407,"minecraft:player_kills":5,"minecraft:open_chest":12,"minecraft:crouch_one_cm":4047,"minecraft:fall_one_cm":93377},"minecraft:mined":{"minecraft:nether_gold_ore":5,"minecraft:spruce_planks":3,"minecraft:tuff":7,"minecraft:deepslate_diamond_ore":1,"minecraft:grass_block":11,"minecraft:crimson_roots":2,"minecraft:weeping_vines":1,"minecraft:spruce_leaves":6,"minecraft:spawner":1,"minecraft:weeping_vines_plant":1,"minecraft:glowstone":1,"minecraft:furnace":2,"minecraft:fire":9,"minecraft:iron_ore":4,"minecraft:cobbled_deepslate":3,"minecraft:pointed_dripstone":1,"minecraft:deepslate_iron_ore":14,"minecraft:warped_stem":2,"minecraft:packed_ice":13,"minecraft:stone":6,"minecraft:blackstone":3,"minecraft:crimson_nylium":1,"minecraft:crafting_table":8,"minecraft:torch":3,"minecraft:short_grass":30,"minecraft:poppy":1,"minecraft:nether_quartz_ore":7,"minecraft:tall_grass":6,"minecraft:cobblestone":2,"minecraft:deepslate_gold_ore":10,"minecraft:oak_planks":2,"minecraft:wall_torch":3,"minecraft:warped_nylium":2,"minecraft:nether_wart_block":3,"minecraft:ice":1,"minecraft:spruce_log":19,"minecraft:coal_ore":8,"minecraft:oak_log":11,"minecraft:gravel":1,"minecraft:dripstone_block":2,"minecraft:dirt":11,"minecraft:netherrack":81,"minecraft:oak_leaves":2,"minecraft:deepslate":272},"minecraft:killed":{"minecraft:skeleton":2,"minecraft:chicken":1,"minecraft:piglin":4,"minecraft:hoglin":1,"minecraft:creeper":2,"minecraft:sheep":1,"minecraft:zombie":2,"minecraft:ghast":1,"minecraft:blaze":14,"minecraft:enderman":18,"minecraft:cow":2},"minecraft:killed_by":{"minecraft:player":2,"minecraft:wither_skeleton":1,"minecraft:blaze":7},"minecraft:crafted":{"minecraft:oak_planks":44,"minecraft:furnace":1,"minecraft:iron_boots":1,"minecraft:stone_pickaxe":2,"minecraft:golden_helmet":1,"minecraft:golden_boots":1,"minecraft:diamond_sword":1,"minecraft:crafting_table":2,"minecraft:spruce_planks":44,"minecraft:wooden_pickaxe":1,"minecraft:stone_axe":2,"minecraft:air":0,"minecraft:iron_chestplate":1,"minecraft:shield":1,"minecraft:stick":16,"minecraft:iron_ingot":16,"minecraft:iron_pickaxe":1,"minecraft:stone_sword":1,"minecraft:gold_ingot":12,"minecraft:torch":24}},"DataVersion":3955}