{"stats":{"minecraft:picked_up":{"minecraft:crafting_table":5,"minecraft:chicken":1,"minecraft:leather":1,"minecraft:tuff":7,"minecraft:oak_log":11,"minecraft:gunpowder":2,"minecraft:dirt":12,"minecraft:bone":2,"minecraft:wheat_seeds":5,"minecraft:warped_stem":2,"minecraft:cobbled_deepslate":272,"minecraft:raw_gold":10,"minecraft:spruce_planks":30,"minecraft:iron_ingot":1,"minecraft:beef":4,"minecraft:poppy":1,"minecraft:glowstone_dust":4,"minecraft:oak_planks":1,"minecraft:furnace":2,"minecraft:egg":2,"minecraft:stick":5,"minecraft:raw_iron":19,"minecraft:torch":2,"minecraft:dripstone_block":6,"minecraft:spruce_sapling":2,"minecraft:pointed_dripstone":10,"minecraft:diorite":1,"minecraft:spruce_log":18,"minecraft:arrow":3,"minecraft:diamond":1,"minecraft:oak_sapling":2,"minecraft:blaze_rod":1,"minecraft:netherrack":36,"minecraft:mutton":1,"minecraft:coal":8,"minecraft:white_wool":1,"minecraft:cobblestone":8},"minecraft:used":{"minecraft:diorite":1,"minecraft:stone_sword":27,"minecraft:stone_pickaxe":131,"minecraft:poppy":1,"minecraft:oak_planks":1,"minecraft:spruce_planks":3,"minecraft:wooden_pickaxe":59,"minecraft:shield":7,"minecraft:iron_chestplate":1,"minecraft:torch":58,"minecraft:dirt":12,"minecraft:mutton":1,"minecraft:crafting_table":6,"minecraft:dripstone_block":2,"minecraft:chicken":1,"minecraft:iron_pickaxe":191,"minecraft:iron_boots":1,"minecraft:spruce_sapling":1,"minecraft:golden_helmet":1,"minecraft:stone_axe":41,"minecraft:cobblestone":1,"minecraft:beef":4,"minecraft:oak_sapling":2,"minecraft:furnace":3,"minecraft:egg":2,"minecraft:cobbled_deepslate":103,"minecraft:pointed_dripstone":2},"minecraft:dropped":{"minecraft:golden_boots":1,"minecraft:wheat_seeds":5,"minecraft:tuff":7,"minecraft:dripstone_block":4,"minecraft:pointed_dripstone":8,"minecraft:stick":1,"minecraft:gunpowder":2,"minecraft:raw_gold":1,"minecraft:white_wool":1,"minecraft:bone":2},"minecraft:custom":{"minecraft:interact_with_furnace":17,"minecraft:mob_kills":15,"minecraft:interact_with_crafting_table":13,"minecraft:leave_game":2,"minecraft:time_since_death":780,"minecraft:climb_one_cm":0,"minecraft:time_since_rest":975,"minecraft:sprint_one_cm":178215,"minecraft:damage_taken":2838,"minecraft:walk_one_cm":260432,"minecraft:damage_blocked_by_shield":290,"minecraft:drop":32,"minecraft:damage_dealt":3170,"minecraft:swim_one_cm":7276,"minecraft:player_kills":2,"minecraft:fly_one_cm":349877,"minecraft:open_chest":1,"minecraft:play_time":90861,"minecraft:crouch_one_cm":3585,"minecraft:deaths":7,"minecraft:sneak_time":1666,"minecraft:walk_under_water_one_cm":1391,"minecraft:jump":2442,"minecraft:fall_one_cm":80016,"minecraft:total_world_time":90861,"minecraft:walk_on_water_one_cm":6709},"minecraft:broken":{"minecraft:stone_pickaxe":1,"minecraft:wooden_pickaxe":1},"minecraft:mined":{"minecraft:tuff":7,"minecraft:spruce_planks":3,"minecraft:deepslate_diamond_ore":1,"minecraft:crafting_table":5,"minecraft:torch":2,"minecraft:short_grass":30,"minecraft:grass_block":11,"minecraft:poppy":1,"minecraft:tall_grass":6,"minecraft:spruce_leaves":6,"minecraft:deepslate_gold_ore":10,"minecraft:oak_planks":1,"minecraft:glowstone":1,"minecraft:furnace":2,"minecraft:iron_ore":4,"minecraft:cobbled_deepslate":1,"minecraft:fire":4,"minecraft:ice":1,"minecraft:spruce_log":19,"minecraft:oak_log":11,"minecraft:pointed_dripstone":1,"minecraft:coal_ore":8,"minecraft:deepslate_iron_ore":14,"minecraft:warped_stem":2,"minecraft:gravel":1,"minecraft:dripstone_block":2,"minecraft:dirt":11,"minecraft:packed_ice":13,"minecraft:stone":6,"minecraft:oak_leaves":2,"minecraft:netherrack":41,"minecraft:deepslate":272},"minecraft:killed":{"minecraft:creeper":2,"minecraft:skeleton":2,"minecraft:sheep":1,"minecraft:zombie":2,"minecraft:chicken":1,"minecraft:cow":2,"minecraft:enderman":1,"minecraft:blaze":3},"minecraft:killed_by":{"minecraft:player":1,"minecraft:blaze":2},"minecraft:crafted":{"minecraft:oak_planks":44,"minecraft:crafting_table":1,"minecraft:spruce_planks":44,"minecraft:wooden_pickaxe":1,"minecraft:furnace":1,"minecraft:stone_axe":1,"minecraft:air":0,"minecraft:iron_boots":1,"minecraft:iron_chestplate":1,"minecraft:shield":1,"minecraft:stick":12,"minecraft:iron_ingot":16,"minecraft:iron_pickaxe":1,"minecraft:stone_pickaxe":1,"minecraft:stone_sword":1,"minecraft:gold_ingot":9,"minecraft:torch":24,"minecraft:golden_helmet":1,"minecraft:golden_boots":1}},"DataVersion":3955}