{"stats":{"minecraft:picked_up":{"minecraft:stick":3,"minecraft:crafting_table":1,"minecraft:chicken":1,"minecraft:leather":1,"minecraft:oak_log":11,"minecraft:spruce_sapling":1,"minecraft:spruce_log":11,"minecraft:dirt":10,"minecraft:wheat_seeds":5,"minecraft:beef":4,"minecraft:poppy":1,"minecraft:oak_sapling":2,"minecraft:mutton":1,"minecraft:white_wool":1,"minecraft:egg":2},"minecraft:used":{"minecraft:poppy":1,"minecraft:spruce_sapling":1,"minecraft:dirt":10,"minecraft:mutton":1,"minecraft:beef":4,"minecraft:crafting_table":1,"minecraft:oak_sapling":2,"minecraft:egg":2},"minecraft:dropped":{"minecraft:wheat_seeds":5,"minecraft:stick":1},"minecraft:custom":{"minecraft:time_since_rest":4938,"minecraft:sprint_one_cm":73559,"minecraft:damage_taken":338,"minecraft:walk_one_cm":46568,"minecraft:mob_kills":4,"minecraft:drop":6,"minecraft:damage_dealt":683,"minecraft:interact_with_crafting_table":1,"minecraft:fly_one_cm":198888,"minecraft:player_kills":1,"minecraft:crouch_one_cm":686,"minecraft:play_time":24895,"minecraft:deaths":2,"minecraft:sneak_time":497,"minecraft:walk_under_water_one_cm":527,"minecraft:jump":836,"minecraft:leave_game":1,"minecraft:time_since_death":4905,"minecraft:walk_on_water_one_cm":68,"minecraft:total_world_time":24895,"minecraft:fall_one_cm":22822},"minecraft:mined":{"minecraft:ice":1,"minecraft:spruce_log":11,"minecraft:crafting_table":1,"minecraft:short_grass":30,"minecraft:grass_block":9,"minecraft:oak_log":11,"minecraft:poppy":1,"minecraft:gravel":1,"minecraft:dirt":11,"minecraft:tall_grass":6,"minecraft:spruce_leaves":6,"minecraft:oak_leaves":2},"minecraft:killed_by":{"minecraft:player":1},"minecraft:crafted":{"minecraft:oak_planks":44,"minecraft:crafting_table":1,"minecraft:stick":8,"minecraft:spruce_planks":44,"minecraft:wooden_pickaxe":1},"minecraft:killed":{"minecraft:sheep":1,"minecraft:chicken":1,"minecraft:cow":2}},"DataVersion":3955}