{"stats":{"minecraft:picked_up":{"minecraft:charcoal":2,"minecraft:crafting_table":7,"minecraft:splash_potion":1,"minecraft:nether_wart":42,"minecraft:nether_brick_fence":3,"minecraft:diamond_sword":2,"minecraft:potion":2,"minecraft:nether_brick":11,"minecraft:crimson_planks":2,"minecraft:blackstone":52,"minecraft:gold_nugget":183,"minecraft:cobbled_deepslate":20,"minecraft:bucket":1,"minecraft:spruce_planks":1,"minecraft:beef":1,"minecraft:ender_eye":8,"minecraft:iron_nugget":27,"minecraft:furnace":2,"minecraft:iron_boots":2,"minecraft:raw_iron":36,"minecraft:stick":2,"minecraft:torch":2,"minecraft:fire_charge":1,"minecraft:porkchop":10,"minecraft:pointed_dripstone":12,"minecraft:warped_planks":5,"minecraft:redstone":9,"minecraft:weeping_vines":3,"minecraft:arrow":6,"minecraft:rotten_flesh":2,"minecraft:nether_bricks":31,"minecraft:gold_ingot":27,"minecraft:blaze_rod":15,"minecraft:obsidian":14,"minecraft:white_wool":2,"minecraft:cobblestone":51,"minecraft:dark_oak_button":8,"minecraft:basalt":6,"minecraft:crimson_stem":28,"minecraft:leather":20,"minecraft:flint":4,"minecraft:nether_wart_block":9,"minecraft:dirt":24,"minecraft:twisting_vines":1,"minecraft:bone":5,"minecraft:wheat_seeds":8,"minecraft:warped_stem":7,"minecraft:raw_gold":8,"minecraft:iron_ingot":10,"minecraft:soul_sand":29,"minecraft:warped_fungus":5,"minecraft:warped_wart_block":45,"minecraft:quartz":38,"minecraft:dandelion":5,"minecraft:dripstone_block":2,"minecraft:gravel":40,"minecraft:spruce_sapling":1,"minecraft:spruce_log":18,"minecraft:nether_brick_slab":4,"minecraft:dark_oak_log":5,"minecraft:crying_obsidian":1,"minecraft:spectral_arrow":7,"minecraft:purple_bed":2,"minecraft:diamond":6,"minecraft:bread":6,"minecraft:warped_roots":8,"minecraft:warped_nylium":2,"minecraft:netherrack":277,"minecraft:crimson_roots":9,"minecraft:diamond_pickaxe":1,"minecraft:ender_pearl":24},"minecraft:used":{"minecraft:flint_and_steel":2,"minecraft:chest":4,"minecraft:shield":60,"minecraft:iron_sword":275,"minecraft:netherrack":255,"minecraft:torch":30,"minecraft:soul_sand":22,"minecraft:dirt":22,"minecraft:warped_wart_block":23,"minecraft:carrot":2,"minecraft:nether_brick_slab":35,"minecraft:golden_chestplate":1,"minecraft:obsidian":18,"minecraft:dark_oak_planks":12,"minecraft:wooden_axe":19,"minecraft:iron_axe":35,"minecraft:crimson_roots":2,"minecraft:crimson_planks":52,"minecraft:goat_horn":2,"minecraft:furnace":2,"minecraft:pointed_dripstone":8,"minecraft:golden_boots":1,"minecraft:water_bucket":5,"minecraft:stone_pickaxe":80,"minecraft:ender_pearl":1,"minecraft:blackstone":15,"minecraft:wooden_pickaxe":8,"minecraft:white_wool":1,"minecraft:crafting_table":14,"minecraft:warped_planks":12,"minecraft:ender_eye":9,"minecraft:diamond_pickaxe":310,"minecraft:bread":11,"minecraft:iron_pickaxe":270,"minecraft:gravel":13,"minecraft:stone_axe":123,"minecraft:nether_wart_block":5,"minecraft:diamond_sword":92,"minecraft:fire_charge":1,"minecraft:wooden_sword":8,"minecraft:purple_bed":1,"minecraft:bucket":6,"minecraft:dandelion":5,"minecraft:splash_potion":1},"minecraft:dropped":{"minecraft:soul_sand":7,"minecraft:wheat_seeds":8,"minecraft:dripstone_block":2,"minecraft:weeping_vines":2,"minecraft:dark_oak_button":8,"minecraft:leather":14,"minecraft:flint":1,"minecraft:dirt":4,"minecraft:gold_nugget":1,"minecraft:iron_pickaxe":1,"minecraft:bucket":1,"minecraft:spruce_sapling":1,"minecraft:gold_ingot":45,"minecraft:gravel":27,"minecraft:nether_brick_slab":5,"minecraft:blackstone":5,"minecraft:goat_horn":1,"minecraft:nether_brick":11,"minecraft:pointed_dripstone":4,"minecraft:rotten_flesh":2,"minecraft:iron_boots":1,"minecraft:ender_eye":1,"minecraft:nether_brick_fence":3,"minecraft:diamond_sword":2,"minecraft:shield":1,"minecraft:diamond_pickaxe":1,"minecraft:warped_wart_block":7,"minecraft:quartz":15,"minecraft:netherrack":6},"minecraft:broken":{"minecraft:shield":1,"minecraft:stone_axe":1,"minecraft:iron_sword":1,"minecraft:iron_pickaxe":1},"minecraft:custom":{"minecraft:mob_kills":62,"minecraft:interact_with_crafting_table":31,"minecraft:time_since_death":26507,"minecraft:climb_one_cm":3965,"minecraft:sprint_one_cm":536082,"minecraft:walk_one_cm":355021,"minecraft:damage_blocked_by_shield":2035,"minecraft:drop":122,"minecraft:play_time":179666,"minecraft:deaths":14,"minecraft:sneak_time":1739,"minecraft:walk_under_water_one_cm":1843,"minecraft:jump":3667,"minecraft:walk_on_water_one_cm":5798,"minecraft:total_world_time":179666,"minecraft:interact_with_furnace":16,"minecraft:sleep_in_bed":1,"minecraft:time_since_rest":74,"minecraft:damage_taken":6390,"minecraft:damage_dealt":19619,"minecraft:swim_one_cm":6016,"minecraft:fly_one_cm":646842,"minecraft:player_kills":6,"minecraft:open_chest":17,"minecraft:crouch_one_cm":4612,"minecraft:fall_one_cm":100457},"minecraft:mined":{"minecraft:nether_gold_ore":54,"minecraft:oak_sapling":1,"minecraft:deepslate_diamond_ore":6,"minecraft:dark_oak_log":5,"minecraft:obsidian":11,"minecraft:nether_bricks":40,"minecraft:grass_block":1,"minecraft:crimson_roots":7,"minecraft:weeping_vines":4,"minecraft:spruce_leaves":9,"minecraft:nether_wart":39,"minecraft:crimson_stem":29,"minecraft:weeping_vines_plant":4,"minecraft:glowstone":1,"minecraft:furnace":2,"minecraft:cobbled_deepslate":3,"minecraft:iron_ore":20,"minecraft:fire":23,"minecraft:nether_brick_stairs":1,"minecraft:twisting_vines":4,"minecraft:nether_brick_fence":4,"minecraft:pointed_dripstone":7,"minecraft:deepslate_iron_ore":10,"minecraft:warped_stem":7,"minecraft:packed_ice":12,"minecraft:stone":53,"minecraft:deepslate_redstone_ore":2,"minecraft:soul_sand":11,"minecraft:twisting_vines_plant":2,"minecraft:crimson_nylium":23,"minecraft:basalt":12,"minecraft:dandelion":5,"minecraft:crafting_table":7,"minecraft:torch":1,"minecraft:short_grass":34,"minecraft:warped_roots":4,"minecraft:campfire":1,"minecraft:nether_brick_slab":3,"minecraft:nether_quartz_ore":71,"minecraft:cobblestone":1,"minecraft:deepslate_gold_ore":8,"minecraft:wall_torch":1,"minecraft:warped_wart_block":50,"minecraft:purple_bed":2,"minecraft:warped_nylium":9,"minecraft:warped_planks":5,"minecraft:nether_wart_block":10,"minecraft:spruce_log":20,"minecraft:warped_fungus":3,"minecraft:dripstone_block":2,"minecraft:dirt":9,"minecraft:crimson_planks":2,"minecraft:netherrack":282,"minecraft:oak_leaves":2,"minecraft:deepslate":17},"minecraft:killed":{"minecraft:spider":1,"minecraft:skeleton":5,"minecraft:pig":1,"minecraft:iron_golem":2,"minecraft:hoglin":3,"minecraft:sheep":2,"minecraft:pillager":1,"minecraft:zombie":6,"minecraft:cow":1,"minecraft:enderman":17,"minecraft:blaze":22},"minecraft:killed_by":{"minecraft:player":4,"minecraft:blaze":4},"minecraft:crafted":{"minecraft:wooden_sword":1,"minecraft:nether_brick_slab":36,"minecraft:blaze_powder":20,"minecraft:furnace":1,"minecraft:flint_and_steel":1,"minecraft:warped_planks":20,"minecraft:iron_axe":1,"minecraft:stone_pickaxe":1,"minecraft:chest":4,"minecraft:dark_oak_planks":20,"minecraft:ender_eye":20,"minecraft:golden_boots":1,"minecraft:crimson_planks":104,"minecraft:wooden_shovel":1,"minecraft:diamond_sword":1,"minecraft:crafting_table":7,"minecraft:spruce_planks":72,"minecraft:wooden_pickaxe":1,"minecraft:iron_sword":1,"minecraft:dark_oak_button":8,"minecraft:bucket":1,"minecraft:stone_axe":1,"minecraft:air":0,"minecraft:diamond_pickaxe":1,"minecraft:shield":2,"minecraft:stick":44,"minecraft:iron_pickaxe":2,"minecraft:iron_ingot":14,"minecraft:wooden_axe":1,"minecraft:gold_ingot":21,"minecraft:torch":8}},"DataVersion":3955}