{"stats":{"minecraft:picked_up":{"minecraft:stick":2,"minecraft:crafting_table":1,"minecraft:dandelion":5,"minecraft:flint":2,"minecraft:spruce_sapling":1,"minecraft:spruce_log":18,"minecraft:dirt":12,"minecraft:wheat_seeds":8},"minecraft:used":{"minecraft:wooden_axe":8,"minecraft:dirt":11,"minecraft:crafting_table":1,"minecraft:dandelion":5},"minecraft:dropped":{"minecraft:dirt":3,"minecraft:wheat_seeds":1,"minecraft:flint":1},"minecraft:custom":{"minecraft:time_since_rest":5146,"minecraft:sprint_one_cm":60792,"minecraft:damage_taken":496,"minecraft:walk_one_cm":28614,"minecraft:drop":5,"minecraft:damage_dealt":549,"minecraft:swim_one_cm":521,"minecraft:interact_with_crafting_table":1,"minecraft:fly_one_cm":166036,"minecraft:player_kills":2,"minecraft:crouch_one_cm":83,"minecraft:play_time":29666,"minecraft:deaths":2,"minecraft:sneak_time":37,"minecraft:walk_under_water_one_cm":77,"minecraft:jump":585,"minecraft:time_since_death":5110,"minecraft:walk_on_water_one_cm":539,"minecraft:total_world_time":29666,"minecraft:fall_one_cm":13971},"minecraft:mined":{"minecraft:oak_sapling":1,"minecraft:spruce_log":20,"minecraft:dandelion":5,"minecraft:crafting_table":1,"minecraft:short_grass":31,"minecraft:dirt":1,"minecraft:spruce_leaves":3},"minecraft:killed_by":{"minecraft:player":1},"minecraft:crafted":{"minecraft:wooden_sword":1,"minecraft:crafting_table":1,"minecraft:spruce_planks":48,"minecraft:stick":8,"minecraft:wooden_pickaxe":1,"minecraft:wooden_axe":1}},"DataVersion":3955}