{"stats":{"minecraft:crafted":{"minecraft:oak_planks":128,"minecraft:blaze_powder":20,"minecraft:shulker_box":4,"minecraft:warped_planks":20,"minecraft:bow":9,"minecraft:chest":9,"minecraft:ender_eye":20,"minecraft:golden_boots":1,"minecraft:wooden_shovel":1,"minecraft:emerald":51,"minecraft:cooked_porkchop":2,"minecraft:diamond_axe":1,"minecraft:crafting_table":11,"minecraft:spruce_planks":1008,"minecraft:wooden_pickaxe":1,"minecraft:iron_helmet":2,"minecraft:fletching_table":2,"minecraft:iron_chestplate":1,"minecraft:diamond_pickaxe":1,"minecraft:shield":3,"minecraft:stick":1616,"minecraft:iron_ingot":42,"minecraft:iron_pickaxe":2,"minecraft:snow_block":2,"minecraft:gold_ingot":21,"minecraft:shears":1,"minecraft:wooden_sword":1,"minecraft:nether_brick_slab":36,"minecraft:spruce_button":1,"minecraft:furnace":4,"minecraft:flint_and_steel":2,"minecraft:iron_axe":1,"minecraft:stone_pickaxe":1,"minecraft:spruce_boat":1,"minecraft:dark_oak_planks":20,"minecraft:chainmail_leggings":8,"minecraft:crimson_planks":104,"minecraft:crossbow":2,"minecraft:diamond_sword":1,"minecraft:iron_sword":1,"minecraft:bucket":1,"minecraft:dark_oak_button":8,"minecraft:stone_axe":1,"minecraft:air":0,"minecraft:wooden_axe":1,"minecraft:iron_shovel":1,"minecraft:iron_leggings":1,"minecraft:torch":12,"minecraft:diamond_chestplate":1},"minecraft:used":{"minecraft:iron_shovel":182,"minecraft:chest":9,"minecraft:shield":103,"minecraft:iron_sword":275,"minecraft:rotten_flesh":5,"minecraft:soul_sand":22,"minecraft:carrot":7,"minecraft:snowball":16,"minecraft:obsidian":18,"minecraft:spruce_boat":13,"minecraft:iron_helmet":1,"minecraft:crimson_roots":2,"minecraft:bow":146,"minecraft:sweet_berries":4,"minecraft:furnace":5,"minecraft:golden_boots":1,"minecraft:end_stone_bricks":2,"minecraft:chorus_fruit":30,"minecraft:oak_planks":127,"minecraft:stone_pickaxe":80,"minecraft:ender_pearl":23,"minecraft:blackstone":34,"minecraft:wooden_pickaxe":8,"minecraft:composter":1,"minecraft:diamond_axe":285,"minecraft:purpur_pillar":10,"minecraft:white_wool":1,"minecraft:sand":4,"minecraft:purpur_stairs":1,"minecraft:blast_furnace":1,"minecraft:black_bed":3,"minecraft:end_stone":239,"minecraft:shears":1,"minecraft:bread":13,"minecraft:gravel":37,"minecraft:nether_wart_block":5,"minecraft:diamond_sword":679,"minecraft:fire_charge":1,"minecraft:wooden_sword":8,"minecraft:andesite":35,"minecraft:bone_meal":6,"minecraft:purpur_block":10,"minecraft:flint_and_steel":26,"minecraft:spruce_planks":87,"minecraft:netherrack":262,"minecraft:torch":123,"minecraft:dirt":24,"minecraft:warped_wart_block":23,"minecraft:nether_brick_slab":35,"minecraft:shulker_box":3,"minecraft:golden_chestplate":1,"minecraft:dark_oak_planks":12,"minecraft:wooden_axe":19,"minecraft:iron_axe":145,"minecraft:spruce_button":1,"minecraft:iron_boots":1,"minecraft:crimson_planks":52,"minecraft:diamond_chestplate":1,"minecraft:beef":1,"minecraft:goat_horn":2,"minecraft:cobbled_deepslate":294,"minecraft:pumpkin":1,"minecraft:golden_axe":32,"minecraft:pointed_dripstone":8,"minecraft:water_bucket":58,"minecraft:acacia_boat":16,"minecraft:snow_block":2,"minecraft:fletching_table":6,"minecraft:crafting_table":19,"minecraft:warped_planks":16,"minecraft:ender_eye":28,"minecraft:diamond_pickaxe":1542,"minecraft:iron_pickaxe":270,"minecraft:purpur_slab":1,"minecraft:spruce_sapling":8,"minecraft:stone_axe":123,"minecraft:cobblestone":223,"minecraft:purple_bed":8,"minecraft:cooked_porkchop":14,"minecraft:bucket":59,"minecraft:dandelion":5,"minecraft:splash_potion":1},"minecraft:custom":{"minecraft:interact_with_crafting_table":61,"minecraft:open_shulker_box":5,"minecraft:leave_game":5,"minecraft:time_since_death":1908,"minecraft:sprint_one_cm":1157384,"minecraft:damage_blocked_by_shield":3539,"minecraft:drop":179,"minecraft:talked_to_villager":23,"minecraft:play_time":461132,"minecraft:deaths":66,"minecraft:jump":8745,"minecraft:interact_with_brewingstand":1,"minecraft:walk_on_water_one_cm":62132,"minecraft:interact_with_furnace":36,"minecraft:traded_with_villager":70,"minecraft:sleep_in_bed":5,"minecraft:damage_dealt":55903,"minecraft:player_kills":41,"minecraft:crouch_one_cm":21034,"minecraft:interact_with_smithing_table":1,"minecraft:interact_with_anvil":1,"minecraft:mob_kills":164,"minecraft:climb_one_cm":8643,"minecraft:walk_one_cm":1043963,"minecraft:sneak_time":7264,"minecraft:walk_under_water_one_cm":27365,"minecraft:boat_one_cm":2423,"minecraft:interact_with_blast_furnace":1,"minecraft:total_world_time":461132,"minecraft:time_since_rest":1942,"minecraft:damage_taken":22931,"minecraft:swim_one_cm":24393,"minecraft:fly_one_cm":1666951,"minecraft:open_chest":92,"minecraft:fall_one_cm":215841},"minecraft:broken":{"minecraft:golden_boots":1,"minecraft:iron_boots":1,"minecraft:iron_chestplate":1,"minecraft:iron_leggings":1,"minecraft:stone_axe":1,"minecraft:iron_sword":1,"minecraft:shield":1,"minecraft:golden_axe":1,"minecraft:iron_pickaxe":1,"minecraft:iron_helmet":1},"minecraft:dropped":{"minecraft:acacia_boat":1,"minecraft:soul_sand":7,"minecraft:brown_mushroom":1,"minecraft:diamond_axe":1,"minecraft:crafting_table":1,"minecraft:weeping_vines":2,"minecraft:leather":14,"minecraft:dark_oak_button":8,"minecraft:fletching_table":1,"minecraft:flint":1,"minecraft:dirt":6,"minecraft:large_fern":3,"minecraft:gold_nugget":1,"minecraft:sand":3,"minecraft:iron_pickaxe":1,"minecraft:white_wool":1,"minecraft:gold_ingot":45,"minecraft:gravel":27,"minecraft:blackstone":5,"minecraft:goat_horn":1,"minecraft:golden_chestplate":1,"minecraft:cobbled_deepslate":4,"minecraft:nether_brick":11,"minecraft:pointed_dripstone":4,"minecraft:rotten_flesh":3,"minecraft:grindstone":1,"minecraft:oak_planks":1,"minecraft:end_stone":1,"minecraft:nether_brick_fence":3,"minecraft:warped_wart_block":7,"minecraft:quartz":15,"minecraft:netherrack":6,"minecraft:wheat_seeds":8,"minecraft:smithing_table":1,"minecraft:dripstone_block":2,"minecraft:purpur_slab":1,"minecraft:iron_helmet":1,"minecraft:potion":2,"minecraft:iron_axe":2,"minecraft:chainmail_leggings":8,"minecraft:bucket":3,"minecraft:spruce_sapling":1,"minecraft:nether_brick_slab":5,"minecraft:moss_carpet":1,"minecraft:blaze_rod":18,"minecraft:cobblestone_wall":1,"minecraft:iron_boots":1,"minecraft:ender_eye":1,"minecraft:blast_furnace":1,"minecraft:diamond_sword":4,"minecraft:potato":4,"minecraft:shield":2,"minecraft:iron_chestplate":1,"minecraft:diamond_pickaxe":1,"minecraft:andesite":10,"minecraft:carved_pumpkin":2},"minecraft:killed_by":{"minecraft:creeper":1,"minecraft:blaze":4,"minecraft:zombie":2,"minecraft:player":24,"minecraft:enderman":7,"minecraft:ender_dragon":1,"minecraft:shulker":2,"minecraft:skeleton":1},"minecraft:killed":{"minecraft:spider":3,"minecraft:shulker":10,"minecraft:skeleton":10,"minecraft:pig":1,"minecraft:salmon":1,"minecraft:iron_golem":2,"minecraft:ender_dragon":1,"minecraft:creeper":1,"minecraft:sheep":2,"minecraft:pillager":1,"minecraft:zombie":32,"minecraft:cow":1,"minecraft:blaze":22,"minecraft:bat":1,"minecraft:hoglin":3,"minecraft:enderman":70},"minecraft:picked_up":{"minecraft:shulker_shell":6,"minecraft:iron_chestplate":1,"minecraft:nether_brick_fence":3,"minecraft:smithing_table":1,"minecraft:diamond_sword":4,"minecraft:potion":2,"minecraft:nether_brick":11,"minecraft:crimson_planks":2,"minecraft:string":2,"minecraft:raw_copper":11,"minecraft:gold_nugget":183,"minecraft:cobbled_deepslate":336,"minecraft:bucket":3,"minecraft:spruce_planks":7,"minecraft:ender_eye":10,"minecraft:furnace":2,"minecraft:iron_boots":2,"minecraft:stick":18,"minecraft:composter":1,"minecraft:torch":50,"minecraft:purpur_pillar":13,"minecraft:porkchop":10,"minecraft:pointed_dripstone":12,"minecraft:warped_planks":5,"minecraft:golden_chestplate":1,"minecraft:rotten_flesh":31,"minecraft:carved_pumpkin":2,"minecraft:blaze_rod":24,"minecraft:obsidian":16,"minecraft:snowball":113,"minecraft:cobblestone":261,"minecraft:iron_door":14,"minecraft:andesite":45,"minecraft:black_bed":2,"minecraft:potato":11,"minecraft:flint":11,"minecraft:tuff":15,"minecraft:acacia_boat":16,"minecraft:lapis_lazuli":42,"minecraft:dirt":49,"minecraft:twisting_vines":1,"minecraft:bone":5,"minecraft:wheat_seeds":9,"minecraft:raw_gold":22,"minecraft:grindstone":2,"minecraft:mossy_stone_bricks":1,"minecraft:fletching_table":6,"minecraft:warped_wart_block":45,"minecraft:sand":13,"minecraft:spectral_arrow":7,"minecraft:dark_oak_log":5,"minecraft:shulker_box":3,"minecraft:mossy_cobblestone":12,"minecraft:diamond":21,"minecraft:spruce_boat":12,"minecraft:spruce_sign":1,"minecraft:bread":12,"minecraft:netherrack":278,"minecraft:chorus_fruit":32,"minecraft:crimson_roots":9,"minecraft:diamond_pickaxe":1,"minecraft:end_stone_bricks":2,"minecraft:charcoal":2,"minecraft:crafting_table":9,"minecraft:splash_potion":1,"minecraft:nether_wart":42,"minecraft:brown_mushroom":1,"minecraft:purpur_block":12,"minecraft:shield":1,"minecraft:moss_carpet":1,"minecraft:iron_axe":1,"minecraft:large_fern":3,"minecraft:blackstone":52,"minecraft:cartography_table":1,"minecraft:beef":1,"minecraft:iron_nugget":27,"minecraft:sugar_cane":2,"minecraft:chest":6,"minecraft:raw_iron":133,"minecraft:end_stone":241,"minecraft:fire_charge":1,"minecraft:redstone":9,"minecraft:dark_oak_planks":10,"minecraft:weeping_vines":3,"minecraft:arrow":10,"minecraft:nether_bricks":31,"minecraft:purpur_slab":2,"minecraft:gold_ingot":27,"minecraft:white_wool":2,"minecraft:dark_oak_button":16,"minecraft:basalt":6,"minecraft:salmon":1,"minecraft:crimson_stem":28,"minecraft:leather":20,"minecraft:purpur_stairs":1,"minecraft:gunpowder":1,"minecraft:nether_wart_block":9,"minecraft:cobblestone_wall":1,"minecraft:blue_bed":2,"minecraft:stone_bricks":3,"minecraft:warped_stem":7,"minecraft:iron_ingot":26,"minecraft:soul_sand":29,"minecraft:warped_fungus":5,"minecraft:pumpkin":5,"minecraft:sweet_berries":14,"minecraft:quartz":38,"minecraft:dandelion":5,"minecraft:dripstone_block":2,"minecraft:gravel":80,"minecraft:spruce_sapling":27,"minecraft:blast_furnace":2,"minecraft:spruce_log":250,"minecraft:nether_brick_slab":4,"minecraft:crying_obsidian":1,"minecraft:pumpkin_seeds":4,"minecraft:purple_bed":9,"minecraft:chainmail_leggings":4,"minecraft:diamond_axe":1,"minecraft:warped_roots":8,"minecraft:warped_nylium":2,"minecraft:coal":1,"minecraft:ender_pearl":47},"minecraft:mined":{"minecraft:spruce_planks":8,"minecraft:oak_sapling":1,"minecraft:obsidian":13,"minecraft:spruce_trapdoor":4,"minecraft:cave_vines_plant":1,"minecraft:granite":78,"minecraft:grass_block":11,"minecraft:purpur_slab":3,"minecraft:composter":1,"minecraft:nether_wart":39,"minecraft:weeping_vines_plant":4,"minecraft:glowstone":1,"minecraft:iron_ore":59,"minecraft:cobbled_deepslate":24,"minecraft:fire":27,"minecraft:pumpkin":5,"minecraft:moss_carpet":2,"minecraft:fletching_table":5,"minecraft:deepslate_lapis_ore":7,"minecraft:nether_brick_stairs":1,"minecraft:twisting_vines":4,"minecraft:pointed_dripstone":7,"minecraft:cave_vines":1,"minecraft:dirt_path":3,"minecraft:iron_bars":1,"minecraft:end_stone_bricks":2,"minecraft:deepslate_redstone_ore":2,"minecraft:brown_mushroom":1,"minecraft:twisting_vines_plant":2,"minecraft:crimson_nylium":23,"minecraft:purpur_stairs":1,"minecraft:torch":9,"minecraft:blast_furnace":1,"minecraft:chest":7,"minecraft:nether_brick_slab":3,"minecraft:nether_quartz_ore":71,"minecraft:cobblestone":40,"minecraft:grindstone":2,"minecraft:sugar_cane":1,"minecraft:iron_door":18,"minecraft:wall_torch":5,"minecraft:deepslate_copper_ore":3,"minecraft:warped_nylium":9,"minecraft:warped_planks":5,"minecraft:nether_wart_block":10,"minecraft:black_bed":2,"minecraft:warped_fungus":3,"minecraft:purpur_block":14,"minecraft:stone_brick_stairs":1,"minecraft:loom":2,"minecraft:sand":16,"minecraft:dirt":30,"minecraft:crimson_planks":2,"minecraft:netherrack":283,"minecraft:oak_leaves":2,"minecraft:deepslate":186,"minecraft:nether_gold_ore":54,"minecraft:tuff":17,"minecraft:mossy_cobblestone":12,"minecraft:deepslate_diamond_ore":21,"minecraft:dark_oak_log":5,"minecraft:shulker_box":3,"minecraft:end_stone":249,"minecraft:nether_bricks":40,"minecraft:spruce_fence":1,"minecraft:crimson_roots":7,"minecraft:weeping_vines":4,"minecraft:spruce_leaves":91,"minecraft:cartography_table":1,"minecraft:moss_block":3,"minecraft:crimson_stem":29,"minecraft:furnace":3,"minecraft:snow":135,"minecraft:andesite":49,"minecraft:nether_brick_fence":4,"minecraft:bookshelf":6,"minecraft:deepslate_iron_ore":20,"minecraft:warped_stem":7,"minecraft:packed_ice":12,"minecraft:chorus_plant":3,"minecraft:stone":411,"minecraft:smithing_table":1,"minecraft:podzol":1,"minecraft:soul_sand":11,"minecraft:infested_stone_bricks":1,"minecraft:basalt":12,"minecraft:dandelion":5,"minecraft:crafting_table":8,"minecraft:short_grass":38,"minecraft:warped_roots":4,"minecraft:campfire":1,"minecraft:tall_grass":2,"minecraft:purpur_pillar":17,"minecraft:copper_ore":2,"minecraft:deepslate_coal_ore":2,"minecraft:deepslate_gold_ore":19,"minecraft:diorite":25,"minecraft:blue_bed":3,"minecraft:warped_wart_block":50,"minecraft:purple_bed":10,"minecraft:cobblestone_wall":1,"minecraft:sweet_berry_bush":3,"minecraft:spruce_log":240,"minecraft:coal_ore":10,"minecraft:gravel":47,"minecraft:dripstone_block":2,"minecraft:cobweb":50,"minecraft:cracked_stone_bricks":3,"minecraft:stone_bricks":7,"minecraft:mossy_stone_bricks":3,"minecraft:gold_ore":3,"minecraft:fern":4}},"DataVersion":3955}