{"stats":{"minecraft:picked_up":{"minecraft:charcoal":2,"minecraft:iron_chestplate":1,"minecraft:crafting_table":8,"minecraft:splash_potion":1,"minecraft:nether_wart":42,"minecraft:nether_brick_fence":3,"minecraft:diamond_sword":2,"minecraft:potion":2,"minecraft:nether_brick":11,"minecraft:crimson_planks":2,"minecraft:blackstone":52,"minecraft:gold_nugget":183,"minecraft:cobbled_deepslate":37,"minecraft:bucket":1,"minecraft:spruce_planks":1,"minecraft:beef":1,"minecraft:ender_eye":10,"minecraft:iron_nugget":27,"minecraft:furnace":2,"minecraft:iron_boots":2,"minecraft:end_stone":27,"minecraft:raw_iron":54,"minecraft:stick":4,"minecraft:torch":4,"minecraft:fire_charge":1,"minecraft:porkchop":10,"minecraft:pointed_dripstone":12,"minecraft:warped_planks":5,"minecraft:redstone":9,"minecraft:golden_chestplate":1,"minecraft:dark_oak_planks":10,"minecraft:weeping_vines":3,"minecraft:arrow":6,"minecraft:rotten_flesh":4,"minecraft:nether_bricks":31,"minecraft:gold_ingot":27,"minecraft:blaze_rod":15,"minecraft:obsidian":14,"minecraft:white_wool":2,"minecraft:cobblestone":210,"minecraft:dark_oak_button":8,"minecraft:basalt":6,"minecraft:iron_door":12,"minecraft:andesite":31,"minecraft:crimson_stem":28,"minecraft:leather":20,"minecraft:flint":4,"minecraft:nether_wart_block":9,"minecraft:dirt":24,"minecraft:twisting_vines":1,"minecraft:bone":5,"minecraft:wheat_seeds":8,"minecraft:warped_stem":7,"minecraft:raw_gold":8,"minecraft:iron_ingot":10,"minecraft:soul_sand":29,"minecraft:warped_fungus":5,"minecraft:warped_wart_block":45,"minecraft:quartz":38,"minecraft:dandelion":5,"minecraft:dripstone_block":2,"minecraft:gravel":41,"minecraft:spruce_sapling":1,"minecraft:spruce_log":18,"minecraft:nether_brick_slab":4,"minecraft:dark_oak_log":5,"minecraft:crying_obsidian":1,"minecraft:spectral_arrow":7,"minecraft:purple_bed":2,"minecraft:diamond":8,"minecraft:bread":6,"minecraft:warped_roots":8,"minecraft:coal":1,"minecraft:warped_nylium":2,"minecraft:netherrack":278,"minecraft:crimson_roots":9,"minecraft:diamond_pickaxe":1,"minecraft:ender_pearl":25},"minecraft:used":{"minecraft:flint_and_steel":2,"minecraft:chest":5,"minecraft:shield":87,"minecraft:iron_sword":275,"minecraft:rotten_flesh":1,"minecraft:netherrack":262,"minecraft:torch":48,"minecraft:soul_sand":22,"minecraft:dirt":22,"minecraft:warped_wart_block":23,"minecraft:carrot":7,"minecraft:nether_brick_slab":35,"minecraft:golden_chestplate":1,"minecraft:obsidian":18,"minecraft:dark_oak_planks":12,"minecraft:wooden_axe":19,"minecraft:iron_axe":43,"minecraft:iron_boots":1,"minecraft:crimson_roots":2,"minecraft:crimson_planks":52,"minecraft:beef":1,"minecraft:goat_horn":2,"minecraft:furnace":5,"minecraft:cobbled_deepslate":15,"minecraft:pointed_dripstone":8,"minecraft:golden_boots":1,"minecraft:water_bucket":8,"minecraft:stone_pickaxe":80,"minecraft:ender_pearl":1,"minecraft:blackstone":34,"minecraft:wooden_pickaxe":8,"minecraft:white_wool":1,"minecraft:crafting_table":16,"minecraft:end_stone":27,"minecraft:warped_planks":16,"minecraft:ender_eye":28,"minecraft:diamond_pickaxe":908,"minecraft:bread":13,"minecraft:iron_pickaxe":270,"minecraft:gravel":14,"minecraft:stone_axe":123,"minecraft:nether_wart_block":5,"minecraft:diamond_sword":178,"minecraft:fire_charge":1,"minecraft:wooden_sword":8,"minecraft:cobblestone":111,"minecraft:purple_bed":2,"minecraft:andesite":7,"minecraft:bucket":9,"minecraft:dandelion":5,"minecraft:splash_potion":1},"minecraft:dropped":{"minecraft:soul_sand":7,"minecraft:wheat_seeds":8,"minecraft:dripstone_block":2,"minecraft:weeping_vines":2,"minecraft:dark_oak_button":8,"minecraft:leather":14,"minecraft:flint":1,"minecraft:dirt":4,"minecraft:gold_nugget":1,"minecraft:iron_pickaxe":1,"minecraft:white_wool":1,"minecraft:bucket":1,"minecraft:spruce_sapling":1,"minecraft:gold_ingot":45,"minecraft:gravel":27,"minecraft:nether_brick_slab":5,"minecraft:blackstone":5,"minecraft:goat_horn":1,"minecraft:golden_chestplate":1,"minecraft:cobbled_deepslate":4,"minecraft:nether_brick":11,"minecraft:pointed_dripstone":4,"minecraft:rotten_flesh":3,"minecraft:iron_boots":1,"minecraft:ender_eye":1,"minecraft:nether_brick_fence":3,"minecraft:diamond_sword":2,"minecraft:shield":1,"minecraft:diamond_pickaxe":1,"minecraft:andesite":10,"minecraft:warped_wart_block":7,"minecraft:quartz":15,"minecraft:netherrack":6},"minecraft:broken":{"minecraft:golden_boots":1,"minecraft:shield":1,"minecraft:stone_axe":1,"minecraft:iron_sword":1,"minecraft:iron_pickaxe":1},"minecraft:custom":{"minecraft:mob_kills":67,"minecraft:interact_with_crafting_table":41,"minecraft:time_since_death":1737,"minecraft:climb_one_cm":4605,"minecraft:sprint_one_cm":672581,"minecraft:walk_one_cm":450606,"minecraft:damage_blocked_by_shield":2867,"minecraft:drop":136,"minecraft:play_time":221691,"minecraft:deaths":18,"minecraft:sneak_time":2125,"minecraft:walk_under_water_one_cm":4661,"minecraft:jump":4195,"minecraft:walk_on_water_one_cm":9810,"minecraft:total_world_time":221691,"minecraft:interact_with_furnace":22,"minecraft:sleep_in_bed":1,"minecraft:time_since_rest":1796,"minecraft:damage_taken":7891,"minecraft:damage_dealt":21227,"minecraft:swim_one_cm":8612,"minecraft:fly_one_cm":703730,"minecraft:player_kills":7,"minecraft:open_chest":32,"minecraft:crouch_one_cm":4634,"minecraft:fall_one_cm":116252},"minecraft:mined":{"minecraft:nether_gold_ore":54,"minecraft:oak_sapling":1,"minecraft:deepslate_diamond_ore":8,"minecraft:dark_oak_log":5,"minecraft:end_stone":30,"minecraft:obsidian":11,"minecraft:nether_bricks":40,"minecraft:granite":78,"minecraft:grass_block":1,"minecraft:crimson_roots":7,"minecraft:weeping_vines":4,"minecraft:spruce_leaves":19,"minecraft:nether_wart":39,"minecraft:crimson_stem":29,"minecraft:weeping_vines_plant":4,"minecraft:glowstone":1,"minecraft:furnace":2,"minecraft:cobbled_deepslate":3,"minecraft:iron_ore":38,"minecraft:fire":23,"minecraft:andesite":35,"minecraft:nether_brick_stairs":1,"minecraft:twisting_vines":4,"minecraft:nether_brick_fence":4,"minecraft:bookshelf":6,"minecraft:pointed_dripstone":7,"minecraft:deepslate_iron_ore":10,"minecraft:iron_bars":1,"minecraft:warped_stem":7,"minecraft:packed_ice":12,"minecraft:stone":389,"minecraft:deepslate_redstone_ore":2,"minecraft:soul_sand":11,"minecraft:twisting_vines_plant":2,"minecraft:crimson_nylium":23,"minecraft:basalt":12,"minecraft:dandelion":5,"minecraft:crafting_table":8,"minecraft:torch":2,"minecraft:short_grass":34,"minecraft:warped_roots":4,"minecraft:campfire":1,"minecraft:nether_brick_slab":3,"minecraft:nether_quartz_ore":71,"minecraft:copper_ore":2,"minecraft:cobblestone":8,"minecraft:deepslate_coal_ore":2,"minecraft:deepslate_gold_ore":8,"minecraft:iron_door":16,"minecraft:diorite":20,"minecraft:wall_torch":3,"minecraft:warped_wart_block":50,"minecraft:purple_bed":3,"minecraft:warped_nylium":9,"minecraft:warped_planks":5,"minecraft:nether_wart_block":10,"minecraft:spruce_log":20,"minecraft:warped_fungus":3,"minecraft:coal_ore":10,"minecraft:gravel":2,"minecraft:sand":3,"minecraft:dripstone_block":2,"minecraft:dirt":14,"minecraft:crimson_planks":2,"minecraft:cobweb":50,"minecraft:cracked_stone_bricks":1,"minecraft:mossy_stone_bricks":2,"minecraft:stone_bricks":3,"minecraft:netherrack":283,"minecraft:oak_leaves":2,"minecraft:deepslate":39},"minecraft:killed":{"minecraft:spider":1,"minecraft:skeleton":6,"minecraft:pig":1,"minecraft:iron_golem":2,"minecraft:hoglin":3,"minecraft:sheep":2,"minecraft:pillager":1,"minecraft:zombie":9,"minecraft:cow":1,"minecraft:enderman":18,"minecraft:blaze":22},"minecraft:killed_by":{"minecraft:player":5,"minecraft:skeleton":1,"minecraft:blaze":4},"minecraft:crafted":{"minecraft:wooden_sword":1,"minecraft:nether_brick_slab":36,"minecraft:blaze_powder":20,"minecraft:furnace":4,"minecraft:flint_and_steel":2,"minecraft:warped_planks":20,"minecraft:iron_axe":1,"minecraft:stone_pickaxe":1,"minecraft:chest":5,"minecraft:dark_oak_planks":20,"minecraft:ender_eye":20,"minecraft:golden_boots":1,"minecraft:crimson_planks":104,"minecraft:wooden_shovel":1,"minecraft:diamond_sword":1,"minecraft:crafting_table":8,"minecraft:spruce_planks":72,"minecraft:wooden_pickaxe":1,"minecraft:iron_sword":1,"minecraft:dark_oak_button":8,"minecraft:bucket":1,"minecraft:stone_axe":1,"minecraft:air":0,"minecraft:diamond_pickaxe":1,"minecraft:shield":3,"minecraft:stick":44,"minecraft:iron_pickaxe":2,"minecraft:iron_ingot":19,"minecraft:wooden_axe":1,"minecraft:gold_ingot":21,"minecraft:torch":12}},"DataVersion":3955}