{"stats":{"minecraft:picked_up":{"minecraft:wheat_seeds":6,"minecraft:dandelion":5,"minecraft:flint":2,"minecraft:dirt":12},"minecraft:used":{"minecraft:dirt":10,"minecraft:dandelion":5},"minecraft:dropped":{"minecraft:dirt":3,"minecraft:wheat_seeds":1,"minecraft:flint":1},"minecraft:custom":{"minecraft:time_since_rest":1813,"minecraft:crouch_one_cm":83,"minecraft:play_time":17666,"minecraft:sprint_one_cm":35407,"minecraft:deaths":1,"minecraft:damage_taken":280,"minecraft:walk_one_cm":17898,"minecraft:sneak_time":37,"minecraft:drop":5,"minecraft:jump":363,"minecraft:damage_dealt":289,"minecraft:time_since_death":1781,"minecraft:total_world_time":17666,"minecraft:player_kills":1,"minecraft:fall_one_cm":8284,"minecraft:fly_one_cm":107054},"minecraft:mined":{"minecraft:short_grass":24,"minecraft:dirt":1,"minecraft:dandelion":5},"minecraft:killed_by":{"minecraft:player":1}},"DataVersion":3955}