{"stats":{"minecraft:killed":{"minecraft:spider":4,"minecraft:shulker":10,"minecraft:skeleton":12,"minecraft:pig":1,"minecraft:salmon":1,"minecraft:iron_golem":3,"minecraft:ender_dragon":1,"minecraft:creeper":1,"minecraft:sheep":2,"minecraft:pillager":1,"minecraft:zombie":61,"minecraft:blaze":22,"minecraft:cow":1,"minecraft:bat":1,"minecraft:hoglin":3,"minecraft:enderman":70},"minecraft:picked_up":{"minecraft:shulker_shell":6,"minecraft:iron_chestplate":1,"minecraft:wheat":5,"minecraft:nether_brick_fence":3,"minecraft:suspicious_stew":8,"minecraft:smithing_table":1,"minecraft:diamond_sword":4,"minecraft:potion":2,"minecraft:enchanted_book":4,"minecraft:nether_brick":11,"minecraft:crimson_planks":2,"minecraft:polished_deepslate":1,"minecraft:string":23,"minecraft:raw_copper":11,"minecraft:gold_nugget":183,"minecraft:cobbled_deepslate":533,"minecraft:bucket":3,"minecraft:spruce_planks":26,"minecraft:eye_armor_trim_smithing_template":3,"minecraft:ender_eye":10,"minecraft:deepslate_iron_ore":6,"minecraft:furnace":2,"minecraft:iron_boots":2,"minecraft:stick":43,"minecraft:music_disc_blocks":1,"minecraft:composter":1,"minecraft:torch":52,"minecraft:purpur_pillar":13,"minecraft:porkchop":10,"minecraft:pointed_dripstone":12,"minecraft:warped_planks":5,"minecraft:golden_chestplate":1,"minecraft:rotten_flesh":60,"minecraft:carved_pumpkin":2,"minecraft:blaze_rod":24,"minecraft:obsidian":53,"minecraft:snowball":113,"minecraft:cobblestone":313,"minecraft:iron_door":26,"minecraft:water_bucket":1,"minecraft:andesite":46,"minecraft:black_bed":3,"minecraft:potato":11,"minecraft:flint":11,"minecraft:tuff":63,"minecraft:acacia_boat":16,"minecraft:lapis_lazuli":42,"minecraft:dirt":121,"minecraft:twisting_vines":1,"minecraft:bone":10,"minecraft:bow":1,"minecraft:wheat_seeds":19,"minecraft:raw_gold":22,"minecraft:cobbled_deepslate_slab":1,"minecraft:grindstone":2,"minecraft:mossy_stone_bricks":1,"minecraft:fletching_table":8,"minecraft:music_disc_13":1,"minecraft:warped_wart_block":45,"minecraft:sand":16,"minecraft:jungle_planks":1,"minecraft:ink_sac":1,"minecraft:spectral_arrow":7,"minecraft:dark_oak_log":5,"minecraft:shulker_box":6,"minecraft:mossy_cobblestone":24,"minecraft:diamond":21,"minecraft:deepslate":253,"minecraft:spruce_boat":12,"minecraft:deepslate_gold_ore":7,"minecraft:crossbow":1,"minecraft:spruce_sign":1,"minecraft:emerald":40,"minecraft:bread":48,"minecraft:netherrack":278,"minecraft:chorus_fruit":32,"minecraft:crimson_roots":9,"minecraft:diamond_pickaxe":2,"minecraft:end_stone_bricks":2,"minecraft:charcoal":2,"minecraft:crafting_table":9,"minecraft:splash_potion":1,"minecraft:nether_wart":42,"minecraft:brown_mushroom":1,"minecraft:purpur_block":12,"minecraft:shield":1,"minecraft:moss_carpet":1,"minecraft:iron_axe":1,"minecraft:large_fern":3,"minecraft:blackstone":52,"minecraft:cartography_table":1,"minecraft:deepslate_diamond_ore":6,"minecraft:beef":1,"minecraft:iron_nugget":27,"minecraft:spruce_slab":29,"minecraft:sugar_cane":2,"minecraft:chest":11,"minecraft:raw_iron":133,"minecraft:end_stone":241,"minecraft:stone":19,"minecraft:bowl":3,"minecraft:fire_charge":1,"minecraft:cookie":144,"minecraft:redstone":23,"minecraft:dark_oak_planks":10,"minecraft:arrow":12,"minecraft:weeping_vines":3,"minecraft:nether_bricks":31,"minecraft:purpur_slab":2,"minecraft:gold_ingot":27,"minecraft:white_wool":2,"minecraft:basalt":6,"minecraft:dark_oak_button":16,"minecraft:golden_carrot":1,"minecraft:crimson_stem":28,"minecraft:salmon":2,"minecraft:leather":20,"minecraft:birch_planks":2,"minecraft:purpur_stairs":1,"minecraft:cobblestone_wall":3,"minecraft:nether_wart_block":9,"minecraft:gunpowder":4,"minecraft:blue_bed":4,"minecraft:paper":23,"minecraft:apple":13,"minecraft:stone_bricks":3,"minecraft:kelp":123,"minecraft:warped_stem":7,"minecraft:iron_ingot":28,"minecraft:soul_sand":41,"minecraft:book":714,"minecraft:warped_fungus":5,"minecraft:pumpkin":5,"minecraft:sweet_berries":16,"minecraft:quartz":38,"minecraft:dandelion":5,"minecraft:dripstone_block":2,"minecraft:gravel":96,"minecraft:spruce_sapling":91,"minecraft:blast_furnace":2,"minecraft:white_bed":1,"minecraft:spruce_log":690,"minecraft:nether_brick_slab":4,"minecraft:crying_obsidian":1,"minecraft:pumpkin_seeds":4,"minecraft:purple_bed":11,"minecraft:chainmail_leggings":5,"minecraft:diamond_axe":4,"minecraft:warped_roots":8,"minecraft:warped_nylium":2,"minecraft:coal":4,"minecraft:ender_pearl":47},"minecraft:used":{"minecraft:chiseled_deepslate":38,"minecraft:iron_shovel":182,"minecraft:polished_deepslate":1,"minecraft:spruce_slab":14,"minecraft:oak_sign":3,"minecraft:chest":14,"minecraft:shield":103,"minecraft:stone":13,"minecraft:iron_sword":275,"minecraft:rotten_flesh":5,"minecraft:soul_sand":22,"minecraft:jungle_planks":199,"minecraft:carrot":7,"minecraft:tuff":48,"minecraft:obsidian":30,"minecraft:snowball":16,"minecraft:spruce_boat":13,"minecraft:lava_bucket":7,"minecraft:iron_helmet":1,"minecraft:crimson_roots":2,"minecraft:bow":157,"minecraft:sweet_berries":6,"minecraft:furnace":5,"minecraft:golden_boots":1,"minecraft:end_stone_bricks":2,"minecraft:oak_planks":179,"minecraft:stone_pickaxe":80,"minecraft:chorus_fruit":30,"minecraft:ender_pearl":23,"minecraft:blackstone":34,"minecraft:wooden_pickaxe":8,"minecraft:composter":1,"minecraft:diamond_axe":1044,"minecraft:blue_bed":4,"minecraft:purpur_pillar":10,"minecraft:white_wool":1,"minecraft:purpur_stairs":1,"minecraft:sand":4,"minecraft:blast_furnace":1,"minecraft:black_bed":4,"minecraft:end_stone":239,"minecraft:shears":1,"minecraft:bread":13,"minecraft:deepslate":228,"minecraft:gravel":37,"minecraft:diamond_sword":804,"minecraft:nether_wart_block":5,"minecraft:fire_charge":1,"minecraft:wooden_sword":8,"minecraft:andesite":35,"minecraft:bone_meal":163,"minecraft:experience_bottle":3,"minecraft:purpur_block":10,"minecraft:enchanting_table":1,"minecraft:flint_and_steel":27,"minecraft:spruce_planks":178,"minecraft:netherrack":262,"minecraft:torch":126,"minecraft:dirt":65,"minecraft:warped_wart_block":23,"minecraft:wheat":1,"minecraft:nether_brick_slab":35,"minecraft:shulker_box":7,"minecraft:golden_chestplate":1,"minecraft:dark_oak_planks":12,"minecraft:wooden_axe":19,"minecraft:bookshelf":17,"minecraft:iron_axe":145,"minecraft:spruce_button":1,"minecraft:iron_boots":1,"minecraft:crimson_planks":52,"minecraft:diamond_chestplate":1,"minecraft:glowstone":8,"minecraft:golden_carrot":16,"minecraft:beef":1,"minecraft:goat_horn":2,"minecraft:cobbled_deepslate":439,"minecraft:pumpkin":1,"minecraft:golden_axe":32,"minecraft:pointed_dripstone":8,"minecraft:wheat_seeds":5,"minecraft:water_bucket":130,"minecraft:acacia_boat":16,"minecraft:snow_block":2,"minecraft:fletching_table":9,"minecraft:crafting_table":20,"minecraft:white_bed":1,"minecraft:warped_planks":16,"minecraft:wooden_hoe":59,"minecraft:ender_eye":28,"minecraft:diamond_pickaxe":1961,"minecraft:apple":3,"minecraft:iron_pickaxe":270,"minecraft:suspicious_stew":2,"minecraft:purpur_slab":1,"minecraft:spruce_sapling":28,"minecraft:stone_axe":123,"minecraft:cobblestone":223,"minecraft:purple_bed":11,"minecraft:cobbled_deepslate_slab":4,"minecraft:cooked_porkchop":14,"minecraft:bucket":131,"minecraft:kelp":1,"minecraft:dandelion":5,"minecraft:splash_potion":1},"minecraft:crafted":{"minecraft:oak_planks":128,"minecraft:oak_sign":3,"minecraft:blaze_powder":20,"minecraft:bookshelf":17,"minecraft:suspicious_stew":7,"minecraft:shulker_box":6,"minecraft:warped_planks":20,"minecraft:bow":9,"minecraft:chest":10,"minecraft:ender_eye":20,"minecraft:golden_boots":1,"minecraft:wooden_shovel":1,"minecraft:emerald":160,"minecraft:cooked_porkchop":2,"minecraft:diamond_axe":1,"minecraft:crafting_table":12,"minecraft:spruce_planks":2768,"minecraft:wooden_pickaxe":1,"minecraft:iron_helmet":2,"minecraft:fletching_table":2,"minecraft:apple":16,"minecraft:iron_chestplate":1,"minecraft:wooden_hoe":1,"minecraft:diamond_pickaxe":1,"minecraft:shield":3,"minecraft:stick":4972,"minecraft:iron_ingot":42,"minecraft:iron_pickaxe":2,"minecraft:snow_block":2,"minecraft:gold_ingot":21,"minecraft:shears":1,"minecraft:golden_carrot":42,"minecraft:wooden_sword":1,"minecraft:cobbled_deepslate_slab":6,"minecraft:cookie":144,"minecraft:nether_brick_slab":36,"minecraft:redstone":22,"minecraft:experience_bottle":3,"minecraft:spruce_button":1,"minecraft:furnace":4,"minecraft:bone_meal":3,"minecraft:flint_and_steel":2,"minecraft:iron_axe":1,"minecraft:spruce_slab":6,"minecraft:ender_pearl":13,"minecraft:stone_pickaxe":1,"minecraft:spruce_boat":1,"minecraft:dark_oak_planks":20,"minecraft:chainmail_leggings":8,"minecraft:crimson_planks":104,"minecraft:crossbow":2,"minecraft:diamond_sword":1,"minecraft:enchanting_table":1,"minecraft:iron_sword":1,"minecraft:bucket":2,"minecraft:dark_oak_button":8,"minecraft:stone_axe":1,"minecraft:glowstone":8,"minecraft:air":0,"minecraft:wooden_axe":1,"minecraft:iron_shovel":1,"minecraft:iron_leggings":1,"minecraft:torch":12,"minecraft:lapis_lazuli":12,"minecraft:diamond_chestplate":1},"minecraft:mined":{"minecraft:spruce_planks":18,"minecraft:white_bed":1,"minecraft:oak_sapling":1,"minecraft:obsidian":15,"minecraft:spruce_trapdoor":4,"minecraft:cave_vines_plant":1,"minecraft:granite":78,"minecraft:grass_block":32,"minecraft:purpur_slab":3,"minecraft:composter":1,"minecraft:nether_wart":39,"minecraft:weeping_vines_plant":4,"minecraft:glowstone":1,"minecraft:iron_ore":59,"minecraft:cobbled_deepslate":51,"minecraft:fire":27,"minecraft:moss_carpet":2,"minecraft:pumpkin":5,"minecraft:deepslate_lapis_ore":7,"minecraft:fletching_table":7,"minecraft:nether_brick_stairs":1,"minecraft:twisting_vines":4,"minecraft:pointed_dripstone":7,"minecraft:cave_vines":1,"minecraft:dirt_path":11,"minecraft:iron_bars":1,"minecraft:end_stone_bricks":2,"minecraft:spruce_slab":6,"minecraft:deepslate_redstone_ore":2,"minecraft:brown_mushroom":1,"minecraft:twisting_vines_plant":2,"minecraft:crimson_nylium":23,"minecraft:purpur_stairs":1,"minecraft:torch":9,"minecraft:blast_furnace":1,"minecraft:chest":12,"minecraft:nether_brick_slab":3,"minecraft:nether_quartz_ore":71,"minecraft:cobblestone":56,"minecraft:oak_planks":1,"minecraft:grindstone":2,"minecraft:sugar_cane":1,"minecraft:iron_door":18,"minecraft:wall_torch":5,"minecraft:deepslate_copper_ore":3,"minecraft:warped_nylium":9,"minecraft:warped_planks":5,"minecraft:nether_wart_block":10,"minecraft:wheat":1,"minecraft:warped_fungus":3,"minecraft:black_bed":2,"minecraft:purpur_block":14,"minecraft:stone_brick_stairs":1,"minecraft:loom":2,"minecraft:sand":19,"minecraft:dirt":46,"minecraft:crimson_planks":2,"minecraft:netherrack":283,"minecraft:oak_leaves":2,"minecraft:deepslate":455,"minecraft:nether_gold_ore":54,"minecraft:tuff":65,"minecraft:mossy_cobblestone":22,"minecraft:deepslate_diamond_ore":27,"minecraft:dark_oak_log":5,"minecraft:end_stone":249,"minecraft:shulker_box":6,"minecraft:cobbled_deepslate_slab":1,"minecraft:nether_bricks":40,"minecraft:spruce_fence":1,"minecraft:crimson_roots":7,"minecraft:weeping_vines":4,"minecraft:spruce_leaves":186,"minecraft:moss_block":3,"minecraft:cartography_table":1,"minecraft:crimson_stem":29,"minecraft:furnace":3,"minecraft:snow":135,"minecraft:andesite":49,"minecraft:nether_brick_fence":4,"minecraft:polished_deepslate":1,"minecraft:bookshelf":241,"minecraft:deepslate_iron_ore":26,"minecraft:warped_stem":7,"minecraft:packed_ice":12,"minecraft:chorus_plant":3,"minecraft:stone":430,"minecraft:podzol":16,"minecraft:smithing_table":1,"minecraft:soul_sand":12,"minecraft:infested_stone_bricks":2,"minecraft:basalt":12,"minecraft:dandelion":5,"minecraft:oak_fence":1,"minecraft:crafting_table":8,"minecraft:short_grass":38,"minecraft:warped_roots":4,"minecraft:campfire":1,"minecraft:copper_ore":2,"minecraft:purpur_pillar":17,"minecraft:tall_grass":2,"minecraft:deepslate_coal_ore":2,"minecraft:deepslate_gold_ore":26,"minecraft:diorite":25,"minecraft:blue_bed":5,"minecraft:warped_wart_block":50,"minecraft:purple_bed":12,"minecraft:cobblestone_wall":1,"minecraft:sweet_berry_bush":5,"minecraft:spruce_log":681,"minecraft:coal_ore":13,"minecraft:gravel":47,"minecraft:dripstone_block":2,"minecraft:cobweb":59,"minecraft:cracked_stone_bricks":3,"minecraft:stone_bricks":7,"minecraft:mossy_stone_bricks":3,"minecraft:gold_ore":3,"minecraft:fern":4},"minecraft:broken":{"minecraft:golden_boots":1,"minecraft:iron_boots":1,"minecraft:iron_chestplate":1,"minecraft:iron_leggings":1,"minecraft:stone_axe":1,"minecraft:iron_sword":1,"minecraft:shield":1,"minecraft:golden_axe":1,"minecraft:iron_pickaxe":1,"minecraft:iron_helmet":1,"minecraft:wooden_hoe":1},"minecraft:killed_by":{"minecraft:creeper":1,"minecraft:blaze":4,"minecraft:zombie":3,"minecraft:player":31,"minecraft:enderman":7,"minecraft:ender_dragon":1,"minecraft:shulker":2,"minecraft:skeleton":2},"minecraft:dropped":{"minecraft:acacia_boat":1,"minecraft:soul_sand":7,"minecraft:brown_mushroom":1,"minecraft:birch_planks":2,"minecraft:diamond_axe":4,"minecraft:crafting_table":1,"minecraft:crossbow":2,"minecraft:weeping_vines":2,"minecraft:cookie":144,"minecraft:leather":14,"minecraft:dark_oak_button":8,"minecraft:jungle_planks":1,"minecraft:fletching_table":1,"minecraft:flint":1,"minecraft:dirt":6,"minecraft:large_fern":3,"minecraft:gold_nugget":1,"minecraft:sand":3,"minecraft:iron_pickaxe":1,"minecraft:white_wool":1,"minecraft:gold_ingot":45,"minecraft:gravel":43,"minecraft:goat_horn":1,"minecraft:blackstone":5,"minecraft:golden_chestplate":1,"minecraft:cobbled_deepslate":5,"minecraft:nether_brick":11,"minecraft:obsidian":21,"minecraft:pointed_dripstone":4,"minecraft:rotten_flesh":3,"minecraft:grindstone":1,"minecraft:oak_planks":1,"minecraft:end_stone":1,"minecraft:nether_brick_fence":3,"minecraft:salmon":1,"minecraft:chiseled_deepslate":1,"minecraft:gunpowder":1,"minecraft:spruce_slab":10,"minecraft:warped_wart_block":7,"minecraft:quartz":15,"minecraft:netherrack":6,"minecraft:water_bucket":1,"minecraft:bread":164,"minecraft:wheat_seeds":8,"minecraft:mossy_cobblestone":12,"minecraft:smithing_table":1,"minecraft:dripstone_block":2,"minecraft:purpur_slab":1,"minecraft:iron_helmet":1,"minecraft:cobblestone":2,"minecraft:apple":13,"minecraft:golden_carrot":1,"minecraft:potion":2,"minecraft:iron_axe":2,"minecraft:paper":23,"minecraft:chainmail_leggings":8,"minecraft:string":7,"minecraft:bucket":3,"minecraft:spruce_sapling":10,"minecraft:redstone":7,"minecraft:nether_brick_slab":5,"minecraft:moss_carpet":1,"minecraft:blaze_rod":18,"minecraft:cobblestone_wall":2,"minecraft:bowl":3,"minecraft:iron_boots":1,"minecraft:ender_eye":1,"minecraft:suspicious_stew":8,"minecraft:blast_furnace":1,"minecraft:diamond_sword":4,"minecraft:potato":4,"minecraft:shield":2,"minecraft:spruce_planks":9,"minecraft:diamond_pickaxe":2,"minecraft:iron_chestplate":1,"minecraft:andesite":11,"minecraft:carved_pumpkin":2,"minecraft:bow":1},"minecraft:custom":{"minecraft:interact_with_crafting_table":83,"minecraft:open_shulker_box":14,"minecraft:leave_game":7,"minecraft:time_since_death":2429,"minecraft:sprint_one_cm":1288648,"minecraft:damage_blocked_by_shield":3539,"minecraft:drop":324,"minecraft:talked_to_villager":63,"minecraft:play_time":641402,"minecraft:deaths":86,"minecraft:jump":10516,"minecraft:interact_with_brewingstand":2,"minecraft:walk_on_water_one_cm":130553,"minecraft:enchant_item":7,"minecraft:interact_with_furnace":38,"minecraft:traded_with_villager":259,"minecraft:sleep_in_bed":13,"minecraft:damage_dealt":63425,"minecraft:player_kills":54,"minecraft:crouch_one_cm":42989,"minecraft:interact_with_smithing_table":1,"minecraft:interact_with_anvil":4,"minecraft:mob_kills":199,"minecraft:climb_one_cm":9411,"minecraft:walk_one_cm":1450887,"minecraft:sneak_time":13916,"minecraft:walk_under_water_one_cm":341309,"minecraft:boat_one_cm":2423,"minecraft:interact_with_blast_furnace":1,"minecraft:total_world_time":641402,"minecraft:interact_with_grindstone":2,"minecraft:time_since_rest":2461,"minecraft:damage_taken":32382,"minecraft:swim_one_cm":46239,"minecraft:fly_one_cm":1885817,"minecraft:open_chest":151,"minecraft:fall_one_cm":302509}},"DataVersion":3955}