{"stats":{"minecraft:crafted":{"minecraft:wooden_sword":1,"minecraft:nether_brick_slab":36,"minecraft:spruce_button":1,"minecraft:blaze_powder":20,"minecraft:furnace":4,"minecraft:flint_and_steel":2,"minecraft:warped_planks":20,"minecraft:iron_axe":1,"minecraft:stone_pickaxe":1,"minecraft:chest":6,"minecraft:dark_oak_planks":20,"minecraft:ender_eye":20,"minecraft:golden_boots":1,"minecraft:crimson_planks":104,"minecraft:wooden_shovel":1,"minecraft:diamond_sword":1,"minecraft:cooked_porkchop":2,"minecraft:crafting_table":9,"minecraft:spruce_planks":96,"minecraft:wooden_pickaxe":1,"minecraft:iron_helmet":1,"minecraft:iron_sword":1,"minecraft:bucket":1,"minecraft:dark_oak_button":8,"minecraft:stone_axe":1,"minecraft:air":0,"minecraft:iron_chestplate":1,"minecraft:diamond_pickaxe":1,"minecraft:shield":3,"minecraft:stick":48,"minecraft:iron_ingot":42,"minecraft:iron_pickaxe":2,"minecraft:wooden_axe":1,"minecraft:snow_block":2,"minecraft:iron_leggings":1,"minecraft:iron_shovel":1,"minecraft:gold_ingot":21,"minecraft:torch":12,"minecraft:shears":1},"minecraft:used":{"minecraft:iron_shovel":136,"minecraft:flint_and_steel":4,"minecraft:chest":6,"minecraft:shield":98,"minecraft:iron_sword":275,"minecraft:rotten_flesh":5,"minecraft:netherrack":262,"minecraft:torch":48,"minecraft:soul_sand":22,"minecraft:dirt":22,"minecraft:warped_wart_block":23,"minecraft:carrot":7,"minecraft:nether_brick_slab":35,"minecraft:golden_chestplate":1,"minecraft:snowball":16,"minecraft:obsidian":18,"minecraft:dark_oak_planks":12,"minecraft:wooden_axe":19,"minecraft:spruce_button":1,"minecraft:iron_axe":69,"minecraft:iron_boots":1,"minecraft:crimson_roots":2,"minecraft:crimson_planks":52,"minecraft:bow":102,"minecraft:beef":1,"minecraft:goat_horn":2,"minecraft:furnace":5,"minecraft:cobbled_deepslate":15,"minecraft:pumpkin":1,"minecraft:pointed_dripstone":8,"minecraft:golden_boots":1,"minecraft:water_bucket":31,"minecraft:snow_block":2,"minecraft:stone_pickaxe":80,"minecraft:ender_pearl":2,"minecraft:blackstone":34,"minecraft:wooden_pickaxe":8,"minecraft:white_wool":1,"minecraft:crafting_table":17,"minecraft:black_bed":1,"minecraft:shears":1,"minecraft:end_stone":63,"minecraft:warped_planks":16,"minecraft:ender_eye":28,"minecraft:diamond_pickaxe":1006,"minecraft:bread":13,"minecraft:iron_pickaxe":270,"minecraft:gravel":14,"minecraft:stone_axe":123,"minecraft:fire_charge":1,"minecraft:nether_wart_block":5,"minecraft:diamond_sword":270,"minecraft:wooden_sword":8,"minecraft:cobblestone":154,"minecraft:purple_bed":2,"minecraft:cooked_porkchop":2,"minecraft:andesite":30,"minecraft:bucket":32,"minecraft:dandelion":5,"minecraft:splash_potion":1},"minecraft:custom":{"minecraft:mob_kills":82,"minecraft:interact_with_crafting_table":51,"minecraft:leave_game":3,"minecraft:time_since_death":479,"minecraft:climb_one_cm":4605,"minecraft:sprint_one_cm":757999,"minecraft:walk_one_cm":589377,"minecraft:damage_blocked_by_shield":3211,"minecraft:drop":143,"minecraft:play_time":292254,"minecraft:deaths":33,"minecraft:sneak_time":2137,"minecraft:walk_under_water_one_cm":12223,"minecraft:jump":5176,"minecraft:walk_on_water_one_cm":35849,"minecraft:total_world_time":292254,"minecraft:interact_with_furnace":34,"minecraft:sleep_in_bed":2,"minecraft:time_since_rest":4775,"minecraft:damage_taken":11852,"minecraft:damage_dealt":26653,"minecraft:swim_one_cm":8612,"minecraft:player_kills":14,"minecraft:fly_one_cm":1171839,"minecraft:open_chest":47,"minecraft:crouch_one_cm":4711,"minecraft:fall_one_cm":132442},"minecraft:broken":{"minecraft:golden_boots":1,"minecraft:shield":1,"minecraft:stone_axe":1,"minecraft:iron_sword":1,"minecraft:iron_pickaxe":1},"minecraft:dropped":{"minecraft:soul_sand":7,"minecraft:wheat_seeds":8,"minecraft:dripstone_block":2,"minecraft:iron_helmet":1,"minecraft:weeping_vines":2,"minecraft:leather":14,"minecraft:dark_oak_button":8,"minecraft:flint":1,"minecraft:dirt":4,"minecraft:gold_nugget":1,"minecraft:iron_pickaxe":1,"minecraft:white_wool":1,"minecraft:bucket":3,"minecraft:spruce_sapling":1,"minecraft:gold_ingot":45,"minecraft:gravel":27,"minecraft:nether_brick_slab":5,"minecraft:goat_horn":1,"minecraft:blackstone":5,"minecraft:golden_chestplate":1,"minecraft:cobbled_deepslate":4,"minecraft:nether_brick":11,"minecraft:pointed_dripstone":4,"minecraft:rotten_flesh":3,"minecraft:iron_boots":1,"minecraft:ender_eye":1,"minecraft:nether_brick_fence":3,"minecraft:diamond_sword":3,"minecraft:shield":1,"minecraft:iron_chestplate":1,"minecraft:diamond_pickaxe":1,"minecraft:andesite":10,"minecraft:carved_pumpkin":2,"minecraft:warped_wart_block":7,"minecraft:quartz":15,"minecraft:netherrack":6},"minecraft:killed":{"minecraft:spider":1,"minecraft:skeleton":6,"minecraft:pig":1,"minecraft:iron_golem":2,"minecraft:bat":1,"minecraft:ender_dragon":1,"minecraft:hoglin":3,"minecraft:sheep":2,"minecraft:pillager":1,"minecraft:zombie":16,"minecraft:enderman":23,"minecraft:blaze":22,"minecraft:cow":1},"minecraft:killed_by":{"minecraft:player":9,"minecraft:creeper":1,"minecraft:enderman":3,"minecraft:ender_dragon":1,"minecraft:skeleton":1,"minecraft:blaze":4,"minecraft:zombie":1},"minecraft:picked_up":{"minecraft:charcoal":2,"minecraft:crafting_table":8,"minecraft:iron_chestplate":1,"minecraft:splash_potion":1,"minecraft:nether_brick_fence":3,"minecraft:nether_wart":42,"minecraft:diamond_sword":3,"minecraft:potion":2,"minecraft:nether_brick":11,"minecraft:crimson_planks":2,"minecraft:blackstone":52,"minecraft:gold_nugget":183,"minecraft:cobbled_deepslate":37,"minecraft:bucket":3,"minecraft:spruce_planks":1,"minecraft:beef":1,"minecraft:ender_eye":10,"minecraft:iron_nugget":27,"minecraft:furnace":2,"minecraft:iron_boots":2,"minecraft:stick":4,"minecraft:raw_iron":54,"minecraft:end_stone":84,"minecraft:torch":4,"minecraft:porkchop":10,"minecraft:fire_charge":1,"minecraft:pointed_dripstone":12,"minecraft:warped_planks":5,"minecraft:redstone":9,"minecraft:golden_chestplate":1,"minecraft:dark_oak_planks":10,"minecraft:weeping_vines":3,"minecraft:arrow":6,"minecraft:rotten_flesh":10,"minecraft:nether_bricks":31,"minecraft:carved_pumpkin":2,"minecraft:gold_ingot":27,"minecraft:blaze_rod":15,"minecraft:obsidian":16,"minecraft:snowball":113,"minecraft:white_wool":2,"minecraft:cobblestone":220,"minecraft:basalt":6,"minecraft:dark_oak_button":8,"minecraft:iron_door":14,"minecraft:crimson_stem":28,"minecraft:andesite":40,"minecraft:black_bed":1,"minecraft:leather":20,"minecraft:flint":4,"minecraft:nether_wart_block":9,"minecraft:dirt":25,"minecraft:twisting_vines":1,"minecraft:bone":5,"minecraft:stone_bricks":2,"minecraft:wheat_seeds":8,"minecraft:warped_stem":7,"minecraft:raw_gold":8,"minecraft:iron_ingot":10,"minecraft:mossy_stone_bricks":1,"minecraft:soul_sand":29,"minecraft:warped_fungus":5,"minecraft:warped_wart_block":45,"minecraft:quartz":38,"minecraft:dandelion":5,"minecraft:dripstone_block":2,"minecraft:gravel":41,"minecraft:spruce_sapling":1,"minecraft:nether_brick_slab":4,"minecraft:spruce_log":24,"minecraft:crying_obsidian":1,"minecraft:spectral_arrow":7,"minecraft:dark_oak_log":5,"minecraft:pumpkin_seeds":4,"minecraft:purple_bed":2,"minecraft:diamond":8,"minecraft:bread":6,"minecraft:warped_roots":8,"minecraft:netherrack":278,"minecraft:warped_nylium":2,"minecraft:coal":1,"minecraft:crimson_roots":9,"minecraft:ender_pearl":27,"minecraft:diamond_pickaxe":1},"minecraft:mined":{"minecraft:nether_gold_ore":54,"minecraft:oak_sapling":1,"minecraft:deepslate_diamond_ore":8,"minecraft:dark_oak_log":5,"minecraft:end_stone":93,"minecraft:obsidian":13,"minecraft:nether_bricks":40,"minecraft:granite":78,"minecraft:grass_block":2,"minecraft:crimson_roots":7,"minecraft:weeping_vines":4,"minecraft:spruce_leaves":20,"minecraft:nether_wart":39,"minecraft:crimson_stem":29,"minecraft:weeping_vines_plant":4,"minecraft:glowstone":1,"minecraft:furnace":2,"minecraft:iron_ore":38,"minecraft:cobbled_deepslate":3,"minecraft:fire":27,"minecraft:snow":135,"minecraft:andesite":44,"minecraft:nether_brick_stairs":1,"minecraft:twisting_vines":4,"minecraft:nether_brick_fence":4,"minecraft:bookshelf":6,"minecraft:pointed_dripstone":7,"minecraft:deepslate_iron_ore":10,"minecraft:iron_bars":1,"minecraft:warped_stem":7,"minecraft:packed_ice":12,"minecraft:stone":389,"minecraft:deepslate_redstone_ore":2,"minecraft:soul_sand":11,"minecraft:twisting_vines_plant":2,"minecraft:crimson_nylium":23,"minecraft:basalt":12,"minecraft:dandelion":5,"minecraft:crafting_table":8,"minecraft:torch":2,"minecraft:short_grass":34,"minecraft:warped_roots":4,"minecraft:nether_brick_slab":3,"minecraft:campfire":1,"minecraft:nether_quartz_ore":71,"minecraft:copper_ore":2,"minecraft:cobblestone":21,"minecraft:deepslate_coal_ore":2,"minecraft:deepslate_gold_ore":8,"minecraft:diorite":20,"minecraft:iron_door":18,"minecraft:wall_torch":3,"minecraft:warped_wart_block":50,"minecraft:purple_bed":3,"minecraft:warped_nylium":9,"minecraft:nether_wart_block":10,"minecraft:warped_planks":5,"minecraft:spruce_log":26,"minecraft:black_bed":1,"minecraft:stone_brick_stairs":1,"minecraft:warped_fungus":3,"minecraft:coal_ore":10,"minecraft:gravel":2,"minecraft:sand":3,"minecraft:dripstone_block":2,"minecraft:dirt":14,"minecraft:crimson_planks":2,"minecraft:cobweb":50,"minecraft:cracked_stone_bricks":2,"minecraft:stone_bricks":6,"minecraft:netherrack":283,"minecraft:deepslate":42,"minecraft:mossy_stone_bricks":3,"minecraft:oak_leaves":2}},"DataVersion":3955}