{"stats":{"minecraft:picked_up":{"minecraft:crafting_table":7,"minecraft:splash_potion":1,"minecraft:nether_wart":41,"minecraft:nether_brick_fence":3,"minecraft:potion":1,"minecraft:nether_brick":3,"minecraft:blackstone":30,"minecraft:gold_nugget":154,"minecraft:cobbled_deepslate":18,"minecraft:bucket":1,"minecraft:spruce_planks":1,"minecraft:furnace":2,"minecraft:iron_boots":2,"minecraft:raw_iron":36,"minecraft:stick":2,"minecraft:torch":2,"minecraft:fire_charge":1,"minecraft:porkchop":6,"minecraft:pointed_dripstone":12,"minecraft:redstone":9,"minecraft:weeping_vines":2,"minecraft:arrow":6,"minecraft:nether_bricks":31,"minecraft:gold_ingot":8,"minecraft:blaze_rod":10,"minecraft:obsidian":14,"minecraft:cobblestone":50,"minecraft:basalt":6,"minecraft:crimson_stem":26,"minecraft:leather":20,"minecraft:flint":4,"minecraft:nether_wart_block":9,"minecraft:dirt":24,"minecraft:bone":5,"minecraft:wheat_seeds":8,"minecraft:warped_stem":2,"minecraft:raw_gold":8,"minecraft:iron_ingot":1,"minecraft:soul_sand":20,"minecraft:warped_fungus":5,"minecraft:warped_wart_block":7,"minecraft:quartz":38,"minecraft:dandelion":5,"minecraft:dripstone_block":2,"minecraft:gravel":40,"minecraft:spruce_sapling":1,"minecraft:spruce_log":18,"minecraft:nether_brick_slab":4,"minecraft:spectral_arrow":7,"minecraft:diamond":6,"minecraft:warped_roots":3,"minecraft:warped_nylium":1,"minecraft:netherrack":261,"minecraft:crimson_roots":8,"minecraft:diamond_pickaxe":1,"minecraft:ender_pearl":7},"minecraft:used":{"minecraft:flint_and_steel":1,"minecraft:chest":1,"minecraft:shield":45,"minecraft:iron_sword":225,"minecraft:netherrack":255,"minecraft:torch":30,"minecraft:soul_sand":13,"minecraft:dirt":22,"minecraft:nether_brick_slab":35,"minecraft:golden_chestplate":1,"minecraft:obsidian":11,"minecraft:wooden_axe":19,"minecraft:crimson_roots":2,"minecraft:furnace":2,"minecraft:pointed_dripstone":8,"minecraft:golden_boots":1,"minecraft:water_bucket":5,"minecraft:stone_pickaxe":80,"minecraft:blackstone":13,"minecraft:wooden_pickaxe":8,"minecraft:crafting_table":10,"minecraft:diamond_pickaxe":270,"minecraft:iron_pickaxe":270,"minecraft:gravel":13,"minecraft:stone_axe":123,"minecraft:nether_wart_block":4,"minecraft:fire_charge":1,"minecraft:wooden_sword":8,"minecraft:bucket":5,"minecraft:dandelion":5,"minecraft:splash_potion":1},"minecraft:dropped":{"minecraft:soul_sand":7,"minecraft:wheat_seeds":8,"minecraft:dripstone_block":2,"minecraft:weeping_vines":2,"minecraft:leather":14,"minecraft:flint":1,"minecraft:dirt":4,"minecraft:gold_nugget":1,"minecraft:iron_pickaxe":1,"minecraft:bucket":1,"minecraft:spruce_sapling":1,"minecraft:gold_ingot":30,"minecraft:gravel":27,"minecraft:nether_brick_slab":5,"minecraft:blackstone":5,"minecraft:nether_brick":3,"minecraft:pointed_dripstone":4,"minecraft:nether_brick_fence":3,"minecraft:shield":1,"minecraft:diamond_pickaxe":1,"minecraft:quartz":15,"minecraft:netherrack":6},"minecraft:broken":{"minecraft:stone_axe":1,"minecraft:iron_pickaxe":1},"minecraft:custom":{"minecraft:mob_kills":42,"minecraft:interact_with_crafting_table":25,"minecraft:time_since_death":16773,"minecraft:climb_one_cm":1253,"minecraft:sprint_one_cm":367741,"minecraft:walk_one_cm":249299,"minecraft:damage_blocked_by_shield":1620,"minecraft:drop":98,"minecraft:play_time":131666,"minecraft:deaths":13,"minecraft:sneak_time":1243,"minecraft:walk_under_water_one_cm":283,"minecraft:jump":2596,"minecraft:walk_on_water_one_cm":4945,"minecraft:total_world_time":131666,"minecraft:interact_with_furnace":16,"minecraft:time_since_rest":16805,"minecraft:damage_taken":4952,"minecraft:damage_dealt":12232,"minecraft:swim_one_cm":913,"minecraft:fly_one_cm":465681,"minecraft:player_kills":3,"minecraft:open_chest":10,"minecraft:crouch_one_cm":4479,"minecraft:fall_one_cm":64847},"minecraft:mined":{"minecraft:nether_gold_ore":42,"minecraft:oak_sapling":1,"minecraft:deepslate_diamond_ore":6,"minecraft:obsidian":11,"minecraft:nether_bricks":40,"minecraft:crimson_roots":6,"minecraft:weeping_vines":2,"minecraft:spruce_leaves":3,"minecraft:nether_wart":39,"minecraft:crimson_stem":27,"minecraft:weeping_vines_plant":3,"minecraft:glowstone":1,"minecraft:furnace":2,"minecraft:cobbled_deepslate":1,"minecraft:iron_ore":20,"minecraft:fire":23,"minecraft:nether_brick_stairs":1,"minecraft:nether_brick_fence":4,"minecraft:pointed_dripstone":7,"minecraft:deepslate_iron_ore":10,"minecraft:warped_stem":2,"minecraft:packed_ice":12,"minecraft:stone":53,"minecraft:deepslate_redstone_ore":2,"minecraft:soul_sand":11,"minecraft:crimson_nylium":18,"minecraft:basalt":12,"minecraft:dandelion":5,"minecraft:crafting_table":7,"minecraft:torch":1,"minecraft:short_grass":31,"minecraft:warped_roots":1,"minecraft:nether_brick_slab":3,"minecraft:nether_quartz_ore":71,"minecraft:deepslate_gold_ore":8,"minecraft:wall_torch":1,"minecraft:warped_wart_block":9,"minecraft:warped_nylium":7,"minecraft:nether_wart_block":8,"minecraft:spruce_log":20,"minecraft:warped_fungus":3,"minecraft:dripstone_block":2,"minecraft:dirt":9,"minecraft:netherrack":271,"minecraft:deepslate":17},"minecraft:killed":{"minecraft:skeleton":5,"minecraft:hoglin":2,"minecraft:zombie":3,"minecraft:enderman":10,"minecraft:blaze":22},"minecraft:killed_by":{"minecraft:player":4,"minecraft:blaze":4},"minecraft:crafted":{"minecraft:wooden_sword":1,"minecraft:nether_brick_slab":36,"minecraft:furnace":1,"minecraft:flint_and_steel":1,"minecraft:stone_pickaxe":1,"minecraft:chest":1,"minecraft:golden_boots":1,"minecraft:crimson_planks":104,"minecraft:wooden_shovel":1,"minecraft:crafting_table":3,"minecraft:spruce_planks":72,"minecraft:wooden_pickaxe":1,"minecraft:iron_sword":1,"minecraft:bucket":1,"minecraft:stone_axe":1,"minecraft:air":0,"minecraft:diamond_pickaxe":1,"minecraft:shield":2,"minecraft:stick":44,"minecraft:iron_pickaxe":2,"minecraft:iron_ingot":14,"minecraft:wooden_axe":1,"minecraft:gold_ingot":21}},"DataVersion":3955}