{"stats":{"minecraft:picked_up":{"minecraft:raw_iron":20,"minecraft:stick":2,"minecraft:crafting_table":2,"minecraft:dandelion":5,"minecraft:flint":4,"minecraft:spruce_sapling":1,"minecraft:pointed_dripstone":9,"minecraft:spruce_log":18,"minecraft:dirt":24,"minecraft:wheat_seeds":8,"minecraft:cobbled_deepslate":1,"minecraft:cobblestone":50},"minecraft:used":{"minecraft:wooden_axe":19,"minecraft:stone_pickaxe":80,"minecraft:wooden_pickaxe":8,"minecraft:stone_axe":5,"minecraft:wooden_sword":8,"minecraft:dirt":22,"minecraft:crafting_table":3,"minecraft:furnace":1,"minecraft:dandelion":5},"minecraft:dropped":{"minecraft:dirt":3,"minecraft:shield":1,"minecraft:wheat_seeds":1,"minecraft:flint":1},"minecraft:custom":{"minecraft:time_since_rest":17146,"minecraft:interact_with_furnace":8,"minecraft:sprint_one_cm":90409,"minecraft:damage_taken":907,"minecraft:walk_one_cm":52130,"minecraft:mob_kills":2,"minecraft:drop":6,"minecraft:damage_dealt":974,"minecraft:swim_one_cm":639,"minecraft:interact_with_crafting_table":8,"minecraft:fly_one_cm":183970,"minecraft:player_kills":2,"minecraft:crouch_one_cm":83,"minecraft:play_time":41666,"minecraft:deaths":2,"minecraft:sneak_time":45,"minecraft:walk_under_water_one_cm":134,"minecraft:jump":735,"minecraft:time_since_death":17110,"minecraft:walk_on_water_one_cm":584,"minecraft:total_world_time":41666,"minecraft:fall_one_cm":22906},"minecraft:mined":{"minecraft:oak_sapling":1,"minecraft:iron_ore":20,"minecraft:spruce_log":20,"minecraft:dandelion":5,"minecraft:crafting_table":2,"minecraft:short_grass":31,"minecraft:pointed_dripstone":6,"minecraft:dirt":9,"minecraft:packed_ice":12,"minecraft:spruce_leaves":3,"minecraft:stone":53,"minecraft:deepslate":1},"minecraft:killed_by":{"minecraft:player":1},"minecraft:killed":{"minecraft:zombie":2},"minecraft:crafted":{"minecraft:wooden_sword":1,"minecraft:shield":1,"minecraft:crafting_table":1,"minecraft:spruce_planks":48,"minecraft:stick":12,"minecraft:iron_pickaxe":1,"minecraft:iron_ingot":6,"minecraft:wooden_pickaxe":1,"minecraft:stone_pickaxe":1,"minecraft:wooden_axe":1,"minecraft:furnace":1,"minecraft:stone_axe":1,"minecraft:air":0}},"DataVersion":3955}