{"stats":{"minecraft:picked_up":{"minecraft:crafting_table":7,"minecraft:basalt":6,"minecraft:splash_potion":1,"minecraft:nether_wart":41,"minecraft:crimson_stem":26,"minecraft:leather":15,"minecraft:potion":1,"minecraft:flint":4,"minecraft:nether_brick":3,"minecraft:nether_wart_block":4,"minecraft:dirt":24,"minecraft:bone":5,"minecraft:blackstone":15,"minecraft:bucket":1,"minecraft:wheat_seeds":8,"minecraft:gold_nugget":154,"minecraft:cobbled_deepslate":18,"minecraft:raw_gold":8,"minecraft:spruce_planks":1,"minecraft:iron_ingot":1,"minecraft:iron_boots":1,"minecraft:soul_sand":7,"minecraft:furnace":2,"minecraft:warped_fungus":2,"minecraft:stick":2,"minecraft:raw_iron":36,"minecraft:quartz":37,"minecraft:torch":1,"minecraft:dandelion":5,"minecraft:porkchop":2,"minecraft:fire_charge":1,"minecraft:dripstone_block":2,"minecraft:gravel":40,"minecraft:spruce_sapling":1,"minecraft:pointed_dripstone":12,"minecraft:spruce_log":18,"minecraft:redstone":9,"minecraft:spectral_arrow":7,"minecraft:arrow":6,"minecraft:diamond":6,"minecraft:nether_bricks":9,"minecraft:warped_roots":2,"minecraft:gold_ingot":4,"minecraft:blaze_rod":6,"minecraft:netherrack":215,"minecraft:obsidian":14,"minecraft:crimson_roots":7,"minecraft:cobblestone":50,"minecraft:ender_pearl":3},"minecraft:used":{"minecraft:golden_boots":1,"minecraft:water_bucket":5,"minecraft:flint_and_steel":1,"minecraft:blackstone":1,"minecraft:stone_pickaxe":80,"minecraft:shield":39,"minecraft:chest":1,"minecraft:wooden_pickaxe":8,"minecraft:iron_sword":108,"minecraft:netherrack":153,"minecraft:torch":30,"minecraft:dirt":22,"minecraft:crafting_table":9,"minecraft:golden_chestplate":1,"minecraft:obsidian":11,"minecraft:wooden_axe":19,"minecraft:diamond_pickaxe":167,"minecraft:iron_pickaxe":270,"minecraft:crimson_roots":1,"minecraft:gravel":13,"minecraft:stone_axe":107,"minecraft:fire_charge":1,"minecraft:wooden_sword":8,"minecraft:furnace":2,"minecraft:bucket":5,"minecraft:dandelion":5,"minecraft:pointed_dripstone":8},"minecraft:dropped":{"minecraft:gravel":27,"minecraft:soul_sand":7,"minecraft:wheat_seeds":8,"minecraft:nether_brick":3,"minecraft:dripstone_block":2,"minecraft:pointed_dripstone":4,"minecraft:leather":14,"minecraft:flint":1,"minecraft:dirt":4,"minecraft:shield":1,"minecraft:gold_nugget":1,"minecraft:iron_pickaxe":1,"minecraft:quartz":14,"minecraft:bucket":1,"minecraft:spruce_sapling":1,"minecraft:gold_ingot":21},"minecraft:broken":{"minecraft:iron_pickaxe":1},"minecraft:custom":{"minecraft:interact_with_furnace":16,"minecraft:mob_kills":23,"minecraft:interact_with_crafting_table":23,"minecraft:time_since_death":122,"minecraft:climb_one_cm":430,"minecraft:time_since_rest":154,"minecraft:sprint_one_cm":310136,"minecraft:damage_taken":3235,"minecraft:walk_one_cm":167929,"minecraft:damage_blocked_by_shield":1360,"minecraft:drop":73,"minecraft:damage_dealt":6591,"minecraft:swim_one_cm":913,"minecraft:player_kills":3,"minecraft:fly_one_cm":408796,"minecraft:open_chest":10,"minecraft:crouch_one_cm":3496,"minecraft:play_time":107666,"minecraft:deaths":8,"minecraft:sneak_time":887,"minecraft:walk_under_water_one_cm":283,"minecraft:jump":2185,"minecraft:walk_on_water_one_cm":4945,"minecraft:total_world_time":107666,"minecraft:fall_one_cm":55644},"minecraft:mined":{"minecraft:nether_gold_ore":42,"minecraft:deepslate_redstone_ore":2,"minecraft:oak_sapling":1,"minecraft:soul_sand":10,"minecraft:deepslate_diamond_ore":6,"minecraft:crimson_nylium":9,"minecraft:basalt":12,"minecraft:dandelion":5,"minecraft:obsidian":11,"minecraft:crafting_table":7,"minecraft:torch":1,"minecraft:nether_bricks":13,"minecraft:short_grass":31,"minecraft:crimson_roots":6,"minecraft:nether_quartz_ore":70,"minecraft:spruce_leaves":3,"minecraft:deepslate_gold_ore":8,"minecraft:nether_wart":39,"minecraft:warped_wart_block":2,"minecraft:crimson_stem":27,"minecraft:glowstone":1,"minecraft:furnace":2,"minecraft:nether_wart_block":4,"minecraft:fire":14,"minecraft:iron_ore":20,"minecraft:cobbled_deepslate":1,"minecraft:spruce_log":20,"minecraft:nether_brick_stairs":1,"minecraft:warped_fungus":2,"minecraft:pointed_dripstone":7,"minecraft:deepslate_iron_ore":10,"minecraft:dripstone_block":2,"minecraft:dirt":9,"minecraft:packed_ice":12,"minecraft:stone":53,"minecraft:netherrack":229,"minecraft:deepslate":17},"minecraft:killed":{"minecraft:hoglin":1,"minecraft:skeleton":5,"minecraft:zombie":3,"minecraft:blaze":10,"minecraft:enderman":4},"minecraft:killed_by":{"minecraft:player":2,"minecraft:blaze":1},"minecraft:crafted":{"minecraft:wooden_sword":1,"minecraft:crimson_planks":104,"minecraft:wooden_shovel":1,"minecraft:crafting_table":3,"minecraft:spruce_planks":72,"minecraft:wooden_pickaxe":1,"minecraft:iron_sword":1,"minecraft:furnace":1,"minecraft:bucket":1,"minecraft:stone_axe":1,"minecraft:air":0,"minecraft:flint_and_steel":1,"minecraft:diamond_pickaxe":1,"minecraft:shield":2,"minecraft:stick":44,"minecraft:iron_ingot":14,"minecraft:iron_pickaxe":2,"minecraft:stone_pickaxe":1,"minecraft:wooden_axe":1,"minecraft:chest":1,"minecraft:gold_ingot":21,"minecraft:golden_boots":1}},"DataVersion":3955}