{"stats":{"minecraft:crafted":{"minecraft:oak_planks":128,"minecraft:blaze_powder":20,"minecraft:warped_planks":20,"minecraft:chest":6,"minecraft:ender_eye":20,"minecraft:golden_boots":1,"minecraft:wooden_shovel":1,"minecraft:cooked_porkchop":2,"minecraft:crafting_table":10,"minecraft:spruce_planks":96,"minecraft:wooden_pickaxe":1,"minecraft:iron_helmet":2,"minecraft:iron_chestplate":1,"minecraft:diamond_pickaxe":1,"minecraft:shield":3,"minecraft:stick":48,"minecraft:iron_pickaxe":2,"minecraft:iron_ingot":42,"minecraft:snow_block":2,"minecraft:gold_ingot":21,"minecraft:shears":1,"minecraft:wooden_sword":1,"minecraft:nether_brick_slab":36,"minecraft:spruce_button":1,"minecraft:furnace":4,"minecraft:flint_and_steel":2,"minecraft:iron_axe":1,"minecraft:stone_pickaxe":1,"minecraft:spruce_boat":1,"minecraft:dark_oak_planks":20,"minecraft:crimson_planks":104,"minecraft:diamond_sword":1,"minecraft:iron_sword":1,"minecraft:bucket":1,"minecraft:dark_oak_button":8,"minecraft:stone_axe":1,"minecraft:air":0,"minecraft:wooden_axe":1,"minecraft:iron_shovel":1,"minecraft:iron_leggings":1,"minecraft:torch":12},"minecraft:used":{"minecraft:iron_shovel":136,"minecraft:chest":6,"minecraft:shield":99,"minecraft:iron_sword":275,"minecraft:rotten_flesh":5,"minecraft:soul_sand":22,"minecraft:carrot":7,"minecraft:snowball":16,"minecraft:obsidian":18,"minecraft:spruce_boat":13,"minecraft:iron_helmet":1,"minecraft:crimson_roots":2,"minecraft:bow":115,"minecraft:furnace":5,"minecraft:golden_boots":1,"minecraft:end_stone_bricks":2,"minecraft:chorus_fruit":30,"minecraft:stone_pickaxe":80,"minecraft:oak_planks":60,"minecraft:blackstone":34,"minecraft:ender_pearl":23,"minecraft:wooden_pickaxe":8,"minecraft:purpur_pillar":10,"minecraft:white_wool":1,"minecraft:purpur_stairs":1,"minecraft:black_bed":1,"minecraft:end_stone":239,"minecraft:shears":1,"minecraft:bread":13,"minecraft:gravel":14,"minecraft:nether_wart_block":5,"minecraft:diamond_sword":543,"minecraft:fire_charge":1,"minecraft:wooden_sword":8,"minecraft:andesite":30,"minecraft:purpur_block":10,"minecraft:flint_and_steel":4,"minecraft:netherrack":262,"minecraft:torch":48,"minecraft:dirt":22,"minecraft:warped_wart_block":23,"minecraft:nether_brick_slab":35,"minecraft:golden_chestplate":1,"minecraft:wooden_axe":19,"minecraft:dark_oak_planks":12,"minecraft:iron_axe":136,"minecraft:spruce_button":1,"minecraft:iron_boots":1,"minecraft:crimson_planks":52,"minecraft:beef":1,"minecraft:goat_horn":2,"minecraft:cobbled_deepslate":15,"minecraft:pumpkin":1,"minecraft:pointed_dripstone":8,"minecraft:acacia_boat":15,"minecraft:water_bucket":47,"minecraft:snow_block":2,"minecraft:crafting_table":18,"minecraft:warped_planks":16,"minecraft:ender_eye":28,"minecraft:diamond_pickaxe":1234,"minecraft:iron_pickaxe":270,"minecraft:purpur_slab":1,"minecraft:stone_axe":123,"minecraft:cobblestone":184,"minecraft:purple_bed":2,"minecraft:cooked_porkchop":4,"minecraft:bucket":48,"minecraft:dandelion":5,"minecraft:splash_potion":1},"minecraft:custom":{"minecraft:interact_with_crafting_table":54,"minecraft:leave_game":3,"minecraft:time_since_death":3283,"minecraft:sprint_one_cm":913596,"minecraft:damage_blocked_by_shield":3281,"minecraft:drop":148,"minecraft:play_time":364254,"minecraft:deaths":47,"minecraft:jump":6846,"minecraft:interact_with_brewingstand":1,"minecraft:walk_on_water_one_cm":37401,"minecraft:interact_with_furnace":34,"minecraft:sleep_in_bed":2,"minecraft:damage_dealt":47659,"minecraft:player_kills":15,"minecraft:crouch_one_cm":16121,"minecraft:mob_kills":140,"minecraft:climb_one_cm":8118,"minecraft:walk_one_cm":778540,"minecraft:sneak_time":5436,"minecraft:walk_under_water_one_cm":16197,"minecraft:boat_one_cm":1786,"minecraft:total_world_time":364254,"minecraft:time_since_rest":3315,"minecraft:damage_taken":17735,"minecraft:swim_one_cm":8612,"minecraft:fly_one_cm":1448803,"minecraft:open_chest":50,"minecraft:fall_one_cm":181550},"minecraft:broken":{"minecraft:golden_boots":1,"minecraft:iron_boots":1,"minecraft:iron_chestplate":1,"minecraft:stone_axe":1,"minecraft:iron_sword":1,"minecraft:shield":1,"minecraft:iron_pickaxe":1},"minecraft:dropped":{"minecraft:soul_sand":7,"minecraft:weeping_vines":2,"minecraft:leather":14,"minecraft:dark_oak_button":8,"minecraft:flint":1,"minecraft:dirt":4,"minecraft:gold_nugget":1,"minecraft:iron_pickaxe":1,"minecraft:white_wool":1,"minecraft:gold_ingot":45,"minecraft:gravel":27,"minecraft:blackstone":5,"minecraft:goat_horn":1,"minecraft:cobbled_deepslate":4,"minecraft:golden_chestplate":1,"minecraft:nether_brick":11,"minecraft:pointed_dripstone":4,"minecraft:rotten_flesh":3,"minecraft:end_stone":1,"minecraft:nether_brick_fence":3,"minecraft:warped_wart_block":7,"minecraft:quartz":15,"minecraft:netherrack":6,"minecraft:wheat_seeds":8,"minecraft:dripstone_block":2,"minecraft:iron_helmet":1,"minecraft:potion":2,"minecraft:iron_axe":1,"minecraft:bucket":3,"minecraft:spruce_sapling":1,"minecraft:nether_brick_slab":5,"minecraft:iron_boots":1,"minecraft:ender_eye":1,"minecraft:diamond_sword":3,"minecraft:shield":2,"minecraft:diamond_pickaxe":1,"minecraft:iron_chestplate":1,"minecraft:andesite":10,"minecraft:carved_pumpkin":2},"minecraft:killed_by":{"minecraft:creeper":1,"minecraft:blaze":4,"minecraft:zombie":1,"minecraft:player":9,"minecraft:enderman":7,"minecraft:ender_dragon":1,"minecraft:shulker":2,"minecraft:skeleton":1},"minecraft:killed":{"minecraft:spider":1,"minecraft:shulker":10,"minecraft:skeleton":6,"minecraft:pig":1,"minecraft:iron_golem":2,"minecraft:ender_dragon":1,"minecraft:sheep":2,"minecraft:pillager":1,"minecraft:zombie":17,"minecraft:cow":1,"minecraft:blaze":22,"minecraft:bat":1,"minecraft:hoglin":3,"minecraft:enderman":70},"minecraft:picked_up":{"minecraft:shulker_shell":6,"minecraft:iron_chestplate":1,"minecraft:nether_brick_fence":3,"minecraft:diamond_sword":3,"minecraft:potion":2,"minecraft:nether_brick":11,"minecraft:crimson_planks":2,"minecraft:gold_nugget":183,"minecraft:cobbled_deepslate":42,"minecraft:bucket":3,"minecraft:spruce_planks":1,"minecraft:ender_eye":10,"minecraft:iron_boots":2,"minecraft:furnace":2,"minecraft:stick":4,"minecraft:torch":4,"minecraft:purpur_pillar":13,"minecraft:porkchop":10,"minecraft:pointed_dripstone":12,"minecraft:warped_planks":5,"minecraft:golden_chestplate":1,"minecraft:rotten_flesh":10,"minecraft:carved_pumpkin":2,"minecraft:blaze_rod":15,"minecraft:obsidian":16,"minecraft:snowball":113,"minecraft:cobblestone":221,"minecraft:andesite":40,"minecraft:iron_door":14,"minecraft:black_bed":1,"minecraft:flint":4,"minecraft:acacia_boat":15,"minecraft:lapis_lazuli":42,"minecraft:dirt":25,"minecraft:twisting_vines":1,"minecraft:bone":5,"minecraft:wheat_seeds":8,"minecraft:raw_gold":12,"minecraft:mossy_stone_bricks":1,"minecraft:warped_wart_block":45,"minecraft:spectral_arrow":7,"minecraft:dark_oak_log":5,"minecraft:diamond":8,"minecraft:spruce_boat":12,"minecraft:bread":6,"minecraft:netherrack":278,"minecraft:chorus_fruit":32,"minecraft:crimson_roots":9,"minecraft:diamond_pickaxe":1,"minecraft:end_stone_bricks":2,"minecraft:charcoal":2,"minecraft:crafting_table":8,"minecraft:splash_potion":1,"minecraft:nether_wart":42,"minecraft:purpur_block":12,"minecraft:shield":1,"minecraft:iron_axe":1,"minecraft:blackstone":52,"minecraft:beef":1,"minecraft:iron_nugget":27,"minecraft:raw_iron":72,"minecraft:end_stone":241,"minecraft:fire_charge":1,"minecraft:redstone":9,"minecraft:dark_oak_planks":10,"minecraft:arrow":6,"minecraft:weeping_vines":3,"minecraft:nether_bricks":31,"minecraft:purpur_slab":2,"minecraft:gold_ingot":27,"minecraft:white_wool":2,"minecraft:dark_oak_button":8,"minecraft:basalt":6,"minecraft:crimson_stem":28,"minecraft:leather":20,"minecraft:purpur_stairs":1,"minecraft:nether_wart_block":9,"minecraft:stone_bricks":2,"minecraft:warped_stem":7,"minecraft:iron_ingot":10,"minecraft:soul_sand":29,"minecraft:warped_fungus":5,"minecraft:quartz":38,"minecraft:dandelion":5,"minecraft:dripstone_block":2,"minecraft:gravel":41,"minecraft:spruce_sapling":1,"minecraft:spruce_log":24,"minecraft:nether_brick_slab":4,"minecraft:crying_obsidian":1,"minecraft:pumpkin_seeds":4,"minecraft:purple_bed":2,"minecraft:warped_roots":8,"minecraft:warped_nylium":2,"minecraft:coal":1,"minecraft:ender_pearl":47},"minecraft:mined":{"minecraft:oak_sapling":1,"minecraft:obsidian":13,"minecraft:granite":78,"minecraft:grass_block":2,"minecraft:purpur_slab":3,"minecraft:nether_wart":39,"minecraft:weeping_vines_plant":4,"minecraft:glowstone":1,"minecraft:fire":27,"minecraft:iron_ore":53,"minecraft:cobbled_deepslate":3,"minecraft:deepslate_lapis_ore":7,"minecraft:nether_brick_stairs":1,"minecraft:twisting_vines":4,"minecraft:pointed_dripstone":7,"minecraft:iron_bars":1,"minecraft:end_stone_bricks":2,"minecraft:deepslate_redstone_ore":2,"minecraft:twisting_vines_plant":2,"minecraft:crimson_nylium":23,"minecraft:purpur_stairs":1,"minecraft:torch":2,"minecraft:nether_brick_slab":3,"minecraft:nether_quartz_ore":71,"minecraft:cobblestone":21,"minecraft:iron_door":18,"minecraft:wall_torch":3,"minecraft:warped_nylium":9,"minecraft:warped_planks":5,"minecraft:nether_wart_block":10,"minecraft:warped_fungus":3,"minecraft:black_bed":1,"minecraft:purpur_block":14,"minecraft:stone_brick_stairs":1,"minecraft:sand":3,"minecraft:dirt":14,"minecraft:crimson_planks":2,"minecraft:netherrack":283,"minecraft:oak_leaves":2,"minecraft:deepslate":46,"minecraft:nether_gold_ore":54,"minecraft:deepslate_diamond_ore":8,"minecraft:dark_oak_log":5,"minecraft:end_stone":249,"minecraft:nether_bricks":40,"minecraft:crimson_roots":7,"minecraft:weeping_vines":4,"minecraft:spruce_leaves":20,"minecraft:crimson_stem":29,"minecraft:furnace":2,"minecraft:snow":135,"minecraft:andesite":44,"minecraft:nether_brick_fence":4,"minecraft:bookshelf":6,"minecraft:deepslate_iron_ore":13,"minecraft:warped_stem":7,"minecraft:packed_ice":12,"minecraft:chorus_plant":3,"minecraft:stone":390,"minecraft:soul_sand":11,"minecraft:basalt":12,"minecraft:dandelion":5,"minecraft:crafting_table":8,"minecraft:short_grass":34,"minecraft:warped_roots":4,"minecraft:campfire":1,"minecraft:purpur_pillar":17,"minecraft:copper_ore":2,"minecraft:deepslate_coal_ore":2,"minecraft:deepslate_gold_ore":9,"minecraft:diorite":20,"minecraft:warped_wart_block":50,"minecraft:purple_bed":3,"minecraft:spruce_log":26,"minecraft:coal_ore":10,"minecraft:dripstone_block":2,"minecraft:gravel":2,"minecraft:cobweb":50,"minecraft:cracked_stone_bricks":2,"minecraft:stone_bricks":6,"minecraft:mossy_stone_bricks":3,"minecraft:gold_ore":3}},"DataVersion":3955}