{"stats":{"minecraft:picked_up":{"minecraft:crafting_table":4,"minecraft:flint":4,"minecraft:dirt":24,"minecraft:wheat_seeds":8,"minecraft:cobbled_deepslate":12,"minecraft:raw_gold":8,"minecraft:iron_ingot":1,"minecraft:furnace":1,"minecraft:stick":2,"minecraft:raw_iron":36,"minecraft:torch":1,"minecraft:dandelion":5,"minecraft:dripstone_block":2,"minecraft:spruce_sapling":1,"minecraft:pointed_dripstone":12,"minecraft:spruce_log":18,"minecraft:redstone":9,"minecraft:diamond":6,"minecraft:obsidian":7,"minecraft:cobblestone":50},"minecraft:used":{"minecraft:water_bucket":4,"minecraft:stone_pickaxe":80,"minecraft:wooden_pickaxe":8,"minecraft:iron_sword":4,"minecraft:torch":23,"minecraft:dirt":22,"minecraft:crafting_table":5,"minecraft:wooden_axe":19,"minecraft:diamond_pickaxe":9,"minecraft:iron_pickaxe":35,"minecraft:stone_axe":9,"minecraft:wooden_sword":8,"minecraft:furnace":1,"minecraft:bucket":4,"minecraft:dandelion":5,"minecraft:pointed_dripstone":8},"minecraft:dropped":{"minecraft:wheat_seeds":1,"minecraft:flint":1,"minecraft:dirt":3,"minecraft:shield":1,"minecraft:iron_pickaxe":1},"minecraft:custom":{"minecraft:interact_with_furnace":12,"minecraft:mob_kills":3,"minecraft:interact_with_crafting_table":15,"minecraft:time_since_death":5685,"minecraft:time_since_rest":5751,"minecraft:sprint_one_cm":116724,"minecraft:damage_taken":1392,"minecraft:walk_one_cm":74972,"minecraft:drop":7,"minecraft:damage_dealt":1154,"minecraft:swim_one_cm":913,"minecraft:player_kills":2,"minecraft:fly_one_cm":203202,"minecraft:crouch_one_cm":83,"minecraft:play_time":53666,"minecraft:deaths":3,"minecraft:sneak_time":45,"minecraft:walk_under_water_one_cm":283,"minecraft:jump":992,"minecraft:walk_on_water_one_cm":4288,"minecraft:total_world_time":53666,"minecraft:fall_one_cm":30526},"minecraft:mined":{"minecraft:deepslate_redstone_ore":2,"minecraft:oak_sapling":1,"minecraft:deepslate_diamond_ore":6,"minecraft:dandelion":5,"minecraft:obsidian":8,"minecraft:crafting_table":4,"minecraft:torch":1,"minecraft:short_grass":31,"minecraft:spruce_leaves":3,"minecraft:deepslate_gold_ore":8,"minecraft:furnace":1,"minecraft:iron_ore":20,"minecraft:cobbled_deepslate":1,"minecraft:spruce_log":20,"minecraft:pointed_dripstone":7,"minecraft:deepslate_iron_ore":10,"minecraft:dripstone_block":2,"minecraft:dirt":9,"minecraft:packed_ice":12,"minecraft:stone":53,"minecraft:deepslate":7},"minecraft:killed":{"minecraft:zombie":3},"minecraft:killed_by":{"minecraft:player":2},"minecraft:crafted":{"minecraft:wooden_sword":1,"minecraft:crafting_table":1,"minecraft:spruce_planks":72,"minecraft:wooden_pickaxe":1,"minecraft:iron_sword":1,"minecraft:furnace":1,"minecraft:bucket":1,"minecraft:stone_axe":1,"minecraft:air":0,"minecraft:diamond_pickaxe":1,"minecraft:shield":2,"minecraft:stick":16,"minecraft:iron_ingot":14,"minecraft:iron_pickaxe":2,"minecraft:stone_pickaxe":1,"minecraft:wooden_axe":1}},"DataVersion":3955}