{"stats":{"minecraft:picked_up":{"minecraft:crafting_table":5,"minecraft:splash_potion":1,"minecraft:crimson_stem":26,"minecraft:leather":7,"minecraft:flint":4,"minecraft:nether_brick":3,"minecraft:nether_wart_block":2,"minecraft:dirt":24,"minecraft:wheat_seeds":8,"minecraft:gold_nugget":73,"minecraft:cobbled_deepslate":18,"minecraft:raw_gold":8,"minecraft:spruce_planks":1,"minecraft:iron_ingot":1,"minecraft:iron_boots":1,"minecraft:soul_sand":7,"minecraft:furnace":2,"minecraft:stick":2,"minecraft:raw_iron":36,"minecraft:quartz":15,"minecraft:torch":1,"minecraft:dandelion":5,"minecraft:dripstone_block":2,"minecraft:spruce_sapling":1,"minecraft:pointed_dripstone":12,"minecraft:spruce_log":18,"minecraft:redstone":9,"minecraft:spectral_arrow":7,"minecraft:diamond":6,"minecraft:gold_ingot":4,"minecraft:netherrack":149,"minecraft:obsidian":13,"minecraft:crimson_roots":3,"minecraft:cobblestone":50},"minecraft:used":{"minecraft:golden_boots":1,"minecraft:water_bucket":4,"minecraft:flint_and_steel":1,"minecraft:stone_pickaxe":80,"minecraft:wooden_pickaxe":8,"minecraft:iron_sword":4,"minecraft:netherrack":10,"minecraft:torch":23,"minecraft:dirt":22,"minecraft:crafting_table":7,"minecraft:obsidian":11,"minecraft:wooden_axe":19,"minecraft:diamond_pickaxe":146,"minecraft:iron_pickaxe":104,"minecraft:stone_axe":42,"minecraft:wooden_sword":8,"minecraft:furnace":2,"minecraft:bucket":5,"minecraft:dandelion":5,"minecraft:pointed_dripstone":8},"minecraft:dropped":{"minecraft:soul_sand":7,"minecraft:wheat_seeds":8,"minecraft:nether_brick":3,"minecraft:dripstone_block":2,"minecraft:pointed_dripstone":4,"minecraft:leather":7,"minecraft:flint":1,"minecraft:dirt":4,"minecraft:shield":1,"minecraft:iron_pickaxe":1,"minecraft:quartz":14,"minecraft:spruce_sapling":1,"minecraft:gold_ingot":12},"minecraft:custom":{"minecraft:interact_with_furnace":14,"minecraft:mob_kills":3,"minecraft:interact_with_crafting_table":18,"minecraft:time_since_death":17685,"minecraft:time_since_rest":17751,"minecraft:sprint_one_cm":131921,"minecraft:damage_taken":1442,"minecraft:walk_one_cm":88123,"minecraft:drop":28,"minecraft:damage_dealt":1289,"minecraft:swim_one_cm":913,"minecraft:player_kills":2,"minecraft:fly_one_cm":209730,"minecraft:crouch_one_cm":83,"minecraft:play_time":65666,"minecraft:deaths":3,"minecraft:sneak_time":45,"minecraft:walk_under_water_one_cm":283,"minecraft:jump":1194,"minecraft:walk_on_water_one_cm":4945,"minecraft:total_world_time":65666,"minecraft:fall_one_cm":30861},"minecraft:mined":{"minecraft:nether_gold_ore":20,"minecraft:deepslate_redstone_ore":2,"minecraft:oak_sapling":1,"minecraft:deepslate_diamond_ore":6,"minecraft:crimson_nylium":5,"minecraft:dandelion":5,"minecraft:obsidian":11,"minecraft:crafting_table":5,"minecraft:torch":1,"minecraft:short_grass":31,"minecraft:crimson_roots":3,"minecraft:nether_quartz_ore":15,"minecraft:spruce_leaves":3,"minecraft:deepslate_gold_ore":8,"minecraft:crimson_stem":27,"minecraft:furnace":2,"minecraft:nether_wart_block":2,"minecraft:iron_ore":20,"minecraft:cobbled_deepslate":1,"minecraft:spruce_log":20,"minecraft:pointed_dripstone":7,"minecraft:deepslate_iron_ore":10,"minecraft:dripstone_block":2,"minecraft:dirt":9,"minecraft:packed_ice":12,"minecraft:stone":53,"minecraft:netherrack":151,"minecraft:deepslate":17},"minecraft:killed":{"minecraft:zombie":3},"minecraft:killed_by":{"minecraft:player":2},"minecraft:crafted":{"minecraft:wooden_sword":1,"minecraft:crafting_table":2,"minecraft:spruce_planks":72,"minecraft:wooden_pickaxe":1,"minecraft:iron_sword":1,"minecraft:furnace":1,"minecraft:bucket":1,"minecraft:stone_axe":1,"minecraft:air":0,"minecraft:flint_and_steel":1,"minecraft:diamond_pickaxe":1,"minecraft:shield":2,"minecraft:stick":16,"minecraft:iron_ingot":14,"minecraft:iron_pickaxe":2,"minecraft:stone_pickaxe":1,"minecraft:wooden_axe":1,"minecraft:gold_ingot":12,"minecraft:golden_boots":1}},"DataVersion":3955}