{"stats":{"minecraft:picked_up":{"minecraft:crafting_table":7,"minecraft:splash_potion":1,"minecraft:nether_wart":41,"minecraft:nether_brick_fence":3,"minecraft:potion":1,"minecraft:nether_brick":3,"minecraft:blackstone":18,"minecraft:gold_nugget":154,"minecraft:cobbled_deepslate":18,"minecraft:bucket":1,"minecraft:spruce_planks":1,"minecraft:furnace":2,"minecraft:iron_boots":1,"minecraft:raw_iron":36,"minecraft:stick":2,"minecraft:torch":2,"minecraft:fire_charge":1,"minecraft:porkchop":6,"minecraft:pointed_dripstone":12,"minecraft:redstone":9,"minecraft:arrow":6,"minecraft:nether_bricks":30,"minecraft:gold_ingot":4,"minecraft:blaze_rod":10,"minecraft:obsidian":14,"minecraft:cobblestone":50,"minecraft:basalt":6,"minecraft:crimson_stem":26,"minecraft:leather":16,"minecraft:flint":4,"minecraft:nether_wart_block":8,"minecraft:dirt":24,"minecraft:bone":5,"minecraft:wheat_seeds":8,"minecraft:raw_gold":8,"minecraft:iron_ingot":1,"minecraft:soul_sand":7,"minecraft:warped_fungus":3,"minecraft:quartz":37,"minecraft:dandelion":5,"minecraft:dripstone_block":2,"minecraft:gravel":40,"minecraft:spruce_sapling":1,"minecraft:spruce_log":18,"minecraft:nether_brick_slab":4,"minecraft:spectral_arrow":7,"minecraft:diamond":6,"minecraft:warped_roots":2,"minecraft:netherrack":221,"minecraft:crimson_roots":7,"minecraft:ender_pearl":3},"minecraft:used":{"minecraft:flint_and_steel":1,"minecraft:chest":1,"minecraft:shield":45,"minecraft:iron_sword":166,"minecraft:netherrack":217,"minecraft:torch":30,"minecraft:dirt":22,"minecraft:nether_brick_slab":35,"minecraft:golden_chestplate":1,"minecraft:obsidian":11,"minecraft:wooden_axe":19,"minecraft:crimson_roots":1,"minecraft:furnace":2,"minecraft:pointed_dripstone":8,"minecraft:golden_boots":1,"minecraft:water_bucket":5,"minecraft:stone_pickaxe":80,"minecraft:blackstone":13,"minecraft:wooden_pickaxe":8,"minecraft:crafting_table":10,"minecraft:diamond_pickaxe":211,"minecraft:iron_pickaxe":270,"minecraft:gravel":13,"minecraft:stone_axe":123,"minecraft:fire_charge":1,"minecraft:wooden_sword":8,"minecraft:bucket":5,"minecraft:dandelion":5,"minecraft:splash_potion":1},"minecraft:dropped":{"minecraft:soul_sand":7,"minecraft:wheat_seeds":8,"minecraft:dripstone_block":2,"minecraft:leather":14,"minecraft:flint":1,"minecraft:dirt":4,"minecraft:gold_nugget":1,"minecraft:iron_pickaxe":1,"minecraft:bucket":1,"minecraft:spruce_sapling":1,"minecraft:gold_ingot":21,"minecraft:gravel":27,"minecraft:blackstone":5,"minecraft:nether_brick":3,"minecraft:pointed_dripstone":4,"minecraft:nether_brick_fence":3,"minecraft:shield":1,"minecraft:quartz":14,"minecraft:netherrack":2},"minecraft:broken":{"minecraft:stone_axe":1,"minecraft:iron_pickaxe":1},"minecraft:custom":{"minecraft:mob_kills":36,"minecraft:interact_with_crafting_table":25,"minecraft:time_since_death":4773,"minecraft:climb_one_cm":732,"minecraft:sprint_one_cm":325200,"minecraft:walk_one_cm":211970,"minecraft:damage_blocked_by_shield":1620,"minecraft:drop":77,"minecraft:play_time":119666,"minecraft:deaths":13,"minecraft:sneak_time":890,"minecraft:walk_under_water_one_cm":283,"minecraft:jump":2391,"minecraft:walk_on_water_one_cm":4945,"minecraft:total_world_time":119666,"minecraft:interact_with_furnace":16,"minecraft:time_since_rest":4805,"minecraft:damage_taken":4882,"minecraft:damage_dealt":9539,"minecraft:swim_one_cm":913,"minecraft:fly_one_cm":427028,"minecraft:player_kills":3,"minecraft:open_chest":10,"minecraft:crouch_one_cm":3496,"minecraft:fall_one_cm":59857},"minecraft:mined":{"minecraft:nether_gold_ore":42,"minecraft:oak_sapling":1,"minecraft:deepslate_diamond_ore":6,"minecraft:obsidian":11,"minecraft:nether_bricks":39,"minecraft:crimson_roots":6,"minecraft:spruce_leaves":3,"minecraft:nether_wart":39,"minecraft:crimson_stem":27,"minecraft:glowstone":1,"minecraft:furnace":2,"minecraft:cobbled_deepslate":1,"minecraft:iron_ore":20,"minecraft:fire":22,"minecraft:nether_brick_stairs":1,"minecraft:nether_brick_fence":4,"minecraft:pointed_dripstone":7,"minecraft:deepslate_iron_ore":10,"minecraft:packed_ice":12,"minecraft:stone":53,"minecraft:deepslate_redstone_ore":2,"minecraft:soul_sand":10,"minecraft:crimson_nylium":11,"minecraft:basalt":12,"minecraft:dandelion":5,"minecraft:crafting_table":7,"minecraft:torch":1,"minecraft:short_grass":31,"minecraft:nether_brick_slab":3,"minecraft:nether_quartz_ore":70,"minecraft:deepslate_gold_ore":8,"minecraft:wall_torch":1,"minecraft:warped_wart_block":2,"minecraft:nether_wart_block":7,"minecraft:spruce_log":20,"minecraft:warped_fungus":3,"minecraft:dripstone_block":2,"minecraft:dirt":9,"minecraft:netherrack":235,"minecraft:deepslate":17},"minecraft:killed":{"minecraft:skeleton":5,"minecraft:hoglin":2,"minecraft:zombie":3,"minecraft:enderman":4,"minecraft:blaze":22},"minecraft:killed_by":{"minecraft:player":4,"minecraft:blaze":4},"minecraft:crafted":{"minecraft:wooden_sword":1,"minecraft:nether_brick_slab":36,"minecraft:furnace":1,"minecraft:flint_and_steel":1,"minecraft:stone_pickaxe":1,"minecraft:chest":1,"minecraft:golden_boots":1,"minecraft:crimson_planks":104,"minecraft:wooden_shovel":1,"minecraft:crafting_table":3,"minecraft:spruce_planks":72,"minecraft:wooden_pickaxe":1,"minecraft:iron_sword":1,"minecraft:bucket":1,"minecraft:stone_axe":1,"minecraft:air":0,"minecraft:diamond_pickaxe":1,"minecraft:shield":2,"minecraft:stick":44,"minecraft:iron_pickaxe":2,"minecraft:iron_ingot":14,"minecraft:wooden_axe":1,"minecraft:gold_ingot":21}},"DataVersion":3955}