{"stats":{"minecraft:used":{"minecraft:dirt":2,"minecraft:stone":68},"minecraft:picked_up":{"minecraft:wheat":1,"minecraft:wheat_seeds":3},"minecraft:custom":{"minecraft:jump":362,"minecraft:open_chest":1,"minecraft:time_since_rest":27062,"minecraft:bell_ring":1,"minecraft:sprint_one_cm":57861,"minecraft:leave_game":2,"minecraft:play_time":27062,"minecraft:walk_on_water_one_cm":1633,"minecraft:time_since_death":27062,"minecraft:walk_one_cm":20404,"minecraft:climb_one_cm":357,"minecraft:sneak_time":13,"minecraft:total_world_time":27062,"minecraft:walk_under_water_one_cm":1169,"minecraft:swim_one_cm":3072,"minecraft:fly_one_cm":358169}},"DataVersion":3465}