{
  "minecraft:recipes/misc/charcoal": {
    "criteria": {
      "has_log": "2024-10-06 21:18:27 +0000"
    },
    "done": true
  },
  "minecraft:recipes/decorations/crafting_table": {
    "criteria": {
      "unlock_right_away": "2024-10-06 21:17:29 +0000"
    },
    "done": true
  },
  "minecraft:recipes/building_blocks/oak_planks": {
    "criteria": {
      "has_logs": "2024-10-06 21:18:27 +0000"
    },
    "done": true
  },
  "minecraft:adventure/adventuring_time": {
    "criteria": {
      "minecraft:snowy_plains": "2024-10-06 21:17:30 +0000",
      "minecraft:plains": "2024-10-06 21:18:17 +0000"
    },
    "done": false
  },
  "minecraft:recipes/building_blocks/oak_wood": {
    "criteria": {
      "has_log": "2024-10-06 21:18:27 +0000"
    },
    "done": true
  },
  "DataVersion": 3955
}